city_id,month,hour,sample_count,temp_mean_c,temp_std_c,temp_p01_c,temp_p05_c,temp_p50_c,temp_p95_c,temp_p99_c,hr_mean_pct,hr_std_pct,hr_p01_pct,hr_p05_pct,hr_p50_pct,hr_p95_pct,hr_p99_pct,solar_mean_wm2,solar_std_wm2,solar_p01_wm2,solar_p05_wm2,solar_p50_wm2,solar_p95_wm2,solar_p99_wm2,cloud_mean_pct,cloud_std_pct,cloud_p01_pct,cloud_p05_pct,cloud_p50_pct,cloud_p95_pct,cloud_p99_pct
abidjan,1,0,186,24.913440860215047,0.9358349668676437,21.240000000000002,23.424999999999997,25.1,26.0,26.23,93.75268817204301,5.002485218881603,77.0,90.0,94.5,97.0,98.0,0.0,0.0,0.0,0.0,0.0,0.0,0.0,36.25806451612903,33.96579659288716,0.0,0.0,24.0,100.0,100.0
abidjan,1,1,186,24.795698924731187,1.177788521690885,20.41,23.0,25.0,26.175,26.6,94.18817204301075,4.8240069335701,82.95,90.0,95.0,98.0,99.0,0.0,0.0,0.0,0.0,0.0,0.0,0.0,35.844086021505376,35.41599772888498,0.0,0.0,21.0,100.0,100.0
abidjan,1,2,186,24.56505376344087,1.2154534740775256,20.395,22.575,24.8,26.1,26.330000000000002,94.84946236559139,4.955601233141846,82.1,91.0,96.0,99.0,99.0,0.0,0.0,0.0,0.0,0.0,0.0,0.0,37.45161290322581,34.28643298224321,0.0,0.0,23.0,100.0,100.0
abidjan,1,3,186,24.347311827956997,1.281262096012094,19.825,21.975,24.6,25.975,26.3,95.47849462365592,4.961363614636386,81.55,91.0,96.0,99.0,100.0,0.0,0.0,0.0,0.0,0.0,0.0,0.0,41.526881720430104,33.22150857820601,0.0,0.0,29.5,100.0,100.0
abidjan,1,4,186,24.155376344086026,1.3642509931620432,18.925,21.650000000000002,24.5,25.875,26.015,96.01075268817205,4.9088347469888856,79.05,92.0,97.0,100.0,100.0,0.0,0.0,0.0,0.0,0.0,0.0,0.0,48.263440860215056,34.87058187976791,0.0,5.0,37.0,100.0,100.0
abidjan,1,5,186,23.94354838709677,1.3644433621513592,18.785,21.25,24.1,25.5,25.9,96.3225806451613,4.9928148165021575,77.7,93.0,97.0,100.0,100.0,0.0,0.0,0.0,0.0,0.0,0.0,0.0,55.946236559139784,34.37783907068397,0.0,8.0,49.5,100.0,100.0
abidjan,1,6,186,23.82526881720431,1.385507237108994,18.4,21.125,24.0,25.3,25.815,96.33870967741936,6.004326974864811,67.45,92.0,97.0,100.0,100.0,0.0,0.0,0.0,0.0,0.0,0.0,0.0,61.75806451612903,32.828661823384124,0.0,12.25,60.0,100.0,100.0
abidjan,1,7,186,24.067741935483884,1.4115240973815248,18.41,21.5,24.4,25.5,25.630000000000003,95.93010752688173,6.092517620506311,64.45,92.0,97.0,100.0,100.0,7.473118279569892,1.8144663473856135,4.0,5.0,7.0,11.0,12.0,66.7258064516129,32.19756019350149,1.85,14.25,74.0,100.0,100.0
abidjan,1,8,186,25.398924731182788,1.350586859591913,20.255,22.85,25.6,26.875,27.23,91.03225806451613,6.110015773351729,60.2,85.0,92.0,97.0,98.0,98.5,17.10129530401919,54.85,69.5,99.0,126.0,138.3,61.62903225806452,32.02614886138252,2.5500000000000003,12.0,64.5,100.0,100.0
abidjan,1,9,186,26.885483870967736,1.0731092561087645,22.97,25.0,27.0,28.2,28.515,83.77956989247312,5.943263271102097,50.25,79.0,84.0,90.0,92.15,263.9247311827957,45.394030340113396,111.0,183.75,268.5,324.75,347.15,57.26881720430107,31.413181188227888,0.0,2.5,51.0,100.0,100.0
abidjan,1,10,186,28.148924731182813,0.917291434049052,25.055,26.125,28.3,29.4,29.630000000000003,77.45161290322581,6.675289255594475,41.4,72.0,77.0,87.0,91.15,433.36559139784947,76.41803324671088,160.95,287.75,442.0,535.25,551.45,58.166666666666664,32.810127709089144,0.0,9.0,55.0,100.0,100.0
abidjan,1,11,186,29.115591397849464,0.9266217545768263,26.485,27.125,29.2,30.475,30.615000000000002,72.01075268817205,8.18862917835199,35.7,62.0,72.0,83.75,87.15,578.7311827956989,95.40295297439907,254.45,397.25,600.5,703.5,717.45,58.123655913978496,32.70182625477871,0.0,5.25,60.0,100.0,100.0
abidjan,1,12,186,29.982258064516138,1.125299127766077,27.095,28.0,30.1,31.5,32.03,67.63978494623656,10.373888226841427,32.85,50.25,70.0,80.75,84.30000000000001,667.5322580645161,106.66862329652716,371.0,464.5,685.0,810.5,826.5,59.123655913978496,34.089552834273796,0.0,1.0,64.5,100.0,100.0
abidjan,1,13,186,30.25053763440859,1.4576917720653748,26.950000000000003,27.9,30.25,32.4,33.115,65.73118279569893,12.27431953740698,30.7,43.25,69.0,80.0,85.15,682.8225806451613,116.24874019808274,393.2,479.0,684.5,844.25,866.0,61.736559139784944,32.60368830955,0.0,4.25,70.5,100.0,100.0
abidjan,1,14,186,30.00215053763442,1.5957590632959318,26.77,27.7,29.95,32.6,33.0,66.36559139784946,13.11265082838031,29.85,38.75,70.0,81.5,84.0,639.3817204301075,108.13407393336855,368.85,451.0,649.5,794.0,821.3,64.02150537634408,30.814735511043455,0.0,8.75,71.5,100.0,100.0
abidjan,1,15,186,29.52903225806453,1.36638449579804,27.085,27.5,29.45,31.875,32.63,69.43010752688173,11.688978219519232,28.7,47.25,73.0,81.75,83.0,542.3494623655914,91.76724545512211,364.55,385.5,542.0,672.75,709.45,61.68279569892473,30.610305115775002,0.0,8.0,62.5,100.0,100.0
abidjan,1,16,186,28.788172043010753,1.1434102418440593,26.185,26.9,28.7,30.5,32.150000000000006,73.36559139784946,9.790586818043463,33.95,55.5,76.0,83.0,85.15,402.2258064516129,70.62982845342604,225.5,279.5,403.0,511.0,531.45,61.516129032258064,32.49652186623526,0.0,3.25,66.5,100.0,100.0
abidjan,1,17,186,27.902688172043018,0.8439176943318204,25.97,26.424999999999997,28.0,29.175,29.860000000000003,78.25268817204301,6.390989816784817,54.85,66.0,79.0,85.75,87.15,239.48387096774192,42.00770868919992,127.25,161.0,242.5,307.0,321.15,54.77956989247312,34.94588461361237,0.0,1.25,53.5,100.0,100.0
abidjan,1,18,186,26.80107526881722,0.7672033591783894,24.0,25.5,27.0,27.9,28.060000000000002,83.94086021505376,5.24678573512895,67.85,76.0,85.0,89.0,93.0,84.3010752688172,14.846008801641625,47.0,63.0,84.0,110.75,116.30000000000001,47.75806451612903,35.22005422922878,0.0,0.25,41.0,100.0,100.0
abidjan,1,19,186,25.94193548387096,0.7928880896566617,23.11,24.5,26.0,26.975,27.390000000000004,88.89784946236558,5.217350674754372,69.0,83.25,89.5,94.0,95.0,3.252688172043011,1.6083178548154464,1.0,1.0,3.0,6.0,6.0,46.284946236559136,36.89784632884129,0.0,0.0,39.5,100.0,100.0
abidjan,1,20,186,25.649462365591404,0.7880319375540281,22.91,24.4,25.8,26.675,26.860000000000003,90.7741935483871,4.773648617549196,70.95,85.25,91.0,95.0,96.0,0.0,0.0,0.0,0.0,0.0,0.0,0.0,40.40860215053763,36.85360067879737,0.0,0.0,26.0,100.0,100.0
abidjan,1,21,186,25.45591397849463,0.832919772510541,22.455,24.0,25.6,26.5,26.645000000000003,91.87096774193549,4.07780724982206,70.85,86.25,93.0,96.0,96.15,0.0,0.0,0.0,0.0,0.0,0.0,0.0,40.784946236559136,36.753128595484874,0.0,0.0,27.5,99.75,100.0
abidjan,1,22,186,25.289247311827964,0.8356263976630158,22.154999999999998,23.9,25.4,26.4,26.6,92.5752688172043,3.8975083276750615,77.25,87.0,93.0,96.0,97.0,0.0,0.0,0.0,0.0,0.0,0.0,0.0,39.81720430107527,36.45661620751915,0.0,0.0,24.5,100.0,100.0
abidjan,1,23,186,25.163978494623645,0.8933104311599855,21.740000000000002,23.924999999999997,25.2,26.3,26.645000000000003,93.16129032258064,3.483572269154534,83.1,88.25,94.0,97.0,97.0,0.0,0.0,0.0,0.0,0.0,0.0,0.0,37.064516129032256,35.092751587944505,0.0,0.0,23.5,100.0,100.0
abidjan,2,0,170,25.628823529411758,0.8172002587957119,23.876,24.4,25.5,27.109999999999996,27.5,94.06470588235294,2.9348697087967053,84.0,89.0,95.0,97.0,98.0,0.0,0.0,0.0,0.0,0.0,0.0,0.0,50.03529411764706,37.80116620013152,0.0,1.450000000000001,34.0,100.0,100.0
abidjan,2,1,170,25.639411764705887,0.8975323725981096,23.738,24.2,25.5,27.154999999999998,27.631,94.26470588235294,2.768614258703227,86.69,89.0,95.0,97.54999999999998,99.0,0.0,0.0,0.0,0.0,0.0,0.0,0.0,47.93529411764706,38.347504576783585,0.0,0.0,38.5,100.0,100.0
abidjan,2,2,170,25.459999999999994,0.93471606258107,23.469,24.0,25.4,27.0,27.5,94.81176470588235,2.665660132994581,87.0,89.0,95.0,98.0,99.0,0.0,0.0,0.0,0.0,0.0,0.0,0.0,50.92941176470588,38.03211900649985,0.0,2.0,41.0,100.0,100.0
abidjan,2,3,170,25.298823529411756,0.9463855846009518,23.269000000000002,23.745,25.25,26.8,27.2,95.27058823529411,2.6318780380026006,88.0,90.0,96.0,99.0,100.0,0.0,0.0,0.0,0.0,0.0,0.0,0.0,51.5,36.4345101437053,0.0,2.0,37.5,100.0,100.0
abidjan,2,4,170,25.155294117647077,0.9009153361479499,22.969,23.8,25.1,26.555,27.0,95.62941176470588,2.4705952380853144,89.69,91.0,96.0,99.0,100.0,0.0,0.0,0.0,0.0,0.0,0.0,0.0,55.911764705882355,34.27721559068822,0.69,9.450000000000001,47.0,100.0,100.0
abidjan,2,5,170,25.031176470588253,0.888901386398111,23.0,23.6,25.0,26.354999999999997,26.831,96.01176470588236,2.473359789945457,90.0,91.0,96.0,99.0,100.0,0.0,0.0,0.0,0.0,0.0,0.0,0.0,58.582352941176474,33.71570999320675,1.69,12.450000000000001,51.5,100.0,100.0
abidjan,2,6,170,24.869411764705887,0.8919936071271525,22.969,23.5,24.9,26.2,26.462,96.44117647058823,2.3160714261894184,90.69,93.0,97.0,100.0,100.0,0.0,0.0,0.0,0.0,0.0,0.0,0.0,63.35294117647059,32.93655429756642,9.45,16.900000000000002,69.5,100.0,100.0
abidjan,2,7,170,25.08588235294117,0.8387179209156389,23.137999999999998,23.69,25.1,26.455,26.731,95.90588235294118,2.5558400456797643,89.0,91.0,96.0,99.0,100.0,6.923529411764706,1.623369557347674,2.69,4.450000000000001,7.0,9.0,10.310000000000002,67.91176470588235,32.92877129864939,8.69,15.450000000000001,84.0,100.0,100.0
abidjan,2,8,170,26.3764705882353,0.8811285622726087,24.076,24.845,26.4,27.8,28.2,90.05882352941177,2.955962831798765,83.0,85.0,90.0,94.0,96.31,102.75294117647059,19.03674829027079,54.76,70.0,105.0,129.0,136.62,63.10588235294118,31.45455116397841,2.69,16.450000000000003,70.5,100.0,100.0
abidjan,2,9,170,27.68294117647059,0.8608495441807835,25.469,26.045,27.7,29.0,29.5,83.0764705882353,2.9245471065699573,77.0,78.0,83.0,88.0,89.93,277.2470588235294,44.0857202123726,129.38,178.8,282.5,332.0,348.31,62.576470588235296,30.75362301777993,13.0,18.0,66.5,100.0,100.0
abidjan,2,10,170,28.73588235294118,0.9532332522620018,26.407,26.745,28.9,30.0,30.5,77.61764705882354,4.221894653312401,70.69,72.0,77.5,85.0,87.31,447.72352941176473,76.9389370514181,192.21,290.6,467.0,537.1999999999999,551.96,63.417647058823526,31.501386249499216,7.38,16.0,69.0,100.0,100.0
abidjan,2,11,170,29.495882352941177,1.2285982391400345,25.59,27.19,29.6,31.1,31.431,73.68823529411765,6.251812194023635,60.69,62.45,74.0,84.0,89.31,591.0058823529412,105.126730079284,236.69,392.0,615.5,711.0,732.51,63.59411764705882,32.27300767237931,4.6899999999999995,10.350000000000003,71.5,100.0,100.0
abidjan,2,12,170,30.33294117647059,1.3913927204143857,25.628,27.845,30.5,32.2,32.862,69.63529411764706,7.735095054472832,48.69,56.45,70.0,81.0,85.93,678.8235294117648,113.21568967039529,382.11,468.15000000000003,695.0,825.0999999999999,854.58,64.94705882352942,30.715250430308075,0.69,13.900000000000002,72.0,100.0,100.0
abidjan,2,13,170,30.49411764705883,1.6644626719032092,25.569000000000003,27.735,30.5,33.3,33.830999999999996,68.31176470588235,9.536455276398794,41.69,47.45,70.0,81.0,85.93,702.3941176470588,134.47104639415542,362.75,436.25,729.5,882.0999999999999,908.31,68.02352941176471,29.046606148046326,6.38,13.450000000000001,75.0,100.0,100.0
abidjan,2,14,170,30.160588235294096,1.6582874603150268,27.0,27.7,30.0,33.2,34.231,69.49411764705883,9.89072474524285,39.38,46.45,72.0,81.0,83.0,662.564705882353,127.86476744719499,300.69,431.6,672.5,838.55,852.6500000000001,67.30588235294118,28.070509343609853,5.07,15.700000000000006,69.0,100.0,100.0
abidjan,2,15,170,29.688235294117664,1.3944353075670521,25.659,27.8,29.6,32.16499999999999,33.231,72.12352941176471,7.588073413685969,43.07,58.45,73.0,81.0,91.31,576.9529411764706,102.45365160229086,301.24,407.6,591.5,706.65,739.55,65.2,29.508244112251656,3.0,15.450000000000001,69.5,100.0,100.0
abidjan,2,16,170,29.02294117647058,1.0282495960776787,26.345,27.5,29.0,30.555,31.293,75.38823529411765,4.99551355811818,63.69,65.45,75.5,82.54999999999998,88.24000000000001,441.63529411764705,78.06691655373365,208.05,310.3,442.5,542.55,565.86,63.64705882352941,32.37362974882779,0.0,8.900000000000002,73.0,100.0,100.0
abidjan,2,17,170,28.22764705882354,0.8534361646879233,26.369,26.8,28.2,29.555,30.0,79.01176470588236,4.064173796790561,68.69,71.45,79.0,86.0,88.0,279.7294117647059,44.137056122756874,158.52,195.0,286.5,339.54999999999995,350.31,62.023529411764706,33.69272097006683,0.0,4.450000000000001,69.0,100.0,100.0
abidjan,2,18,170,27.24352941176472,0.7689484123786547,25.5,26.0,27.2,28.4,28.731,84.29411764705883,3.030525209428674,77.0,79.0,84.0,89.0,90.31,109.3,15.23805221457511,67.69,85.45,111.5,130.54999999999998,134.62,59.247058823529414,34.99879187237683,0.0,1.0,64.5,100.0,100.0
abidjan,2,19,170,26.407058823529415,0.7431709858349228,24.769000000000002,25.145,26.5,27.6,27.831,89.2235294117647,2.698044915634656,82.69,85.0,89.0,93.0,94.31,7.364705882352941,1.1045047740266905,4.6899999999999995,5.0,8.0,9.0,9.0,58.95882352941177,36.46841596946321,0.0,2.0,68.0,100.0,100.0
abidjan,2,20,170,26.132352941176475,0.7606965029170132,24.637999999999998,24.845,26.1,27.4,27.693,91.19411764705882,2.7955785654441807,84.69,86.0,92.0,95.0,96.0,0.0,0.0,0.0,0.0,0.0,0.0,0.0,55.65294117647059,39.126080028649746,0.0,1.0,67.0,100.0,100.0
abidjan,2,21,170,25.99529411764707,0.7782190652347254,24.307,24.8,25.9,27.354999999999997,27.593,91.96470588235294,2.887893833894824,84.69,87.0,92.0,96.0,96.31,0.0,0.0,0.0,0.0,0.0,0.0,0.0,55.4,40.405940157358046,0.0,1.0,66.0,100.0,100.0
abidjan,2,22,170,25.88705882352941,0.7721304728658416,24.469,24.7,25.8,27.255,27.662000000000003,92.5764705882353,2.9200180119840735,85.0,87.0,93.0,96.0,97.0,0.0,0.0,0.0,0.0,0.0,0.0,0.0,53.3235294117647,39.464593653668025,0.0,0.45000000000000107,55.0,100.0,100.0
abidjan,2,23,170,25.724117647058836,0.809833380274133,23.938,24.5,25.7,27.154999999999998,27.5,93.31176470588235,2.9945798788008684,84.69,88.0,94.0,97.0,98.0,0.0,0.0,0.0,0.0,0.0,0.0,0.0,52.09411764705882,38.84679516780875,0.0,1.0,49.5,100.0,100.0
abidjan,3,0,186,25.575806451612895,0.7835716716992516,23.97,24.2,25.6,26.8,27.115000000000002,94.21505376344086,2.6144736198587757,87.0,89.0,95.0,98.0,99.0,0.0,0.0,0.0,0.0,0.0,0.0,0.0,68.24731182795699,35.36131654544968,1.0,8.0,90.0,100.0,100.0
abidjan,3,1,186,25.546236559139782,0.8371173193796463,23.4,24.0,25.6,26.9,27.4,94.28494623655914,2.6879838643812612,86.85,89.0,95.0,98.0,99.0,0.0,0.0,0.0,0.0,0.0,0.0,0.0,66.95698924731182,35.826317586316144,0.0,6.0,83.5,100.0,100.0
abidjan,3,2,186,25.354838709677423,0.8729527360411768,23.255,23.9,25.4,26.775,27.115000000000002,94.79569892473118,2.733933083106108,87.85,90.0,95.0,98.75,99.0,0.0,0.0,0.0,0.0,0.0,0.0,0.0,68.68279569892474,34.212514605403186,0.0,6.0,87.0,100.0,100.0
abidjan,3,3,186,25.15645161290321,0.8833503489876137,22.955,23.6,25.1,26.5,27.0,95.2741935483871,2.5347224498991787,88.0,90.25,96.0,99.0,99.0,0.0,0.0,0.0,0.0,0.0,0.0,0.0,69.52688172043011,33.9774091292516,0.0,6.0,86.0,100.0,100.0
abidjan,3,4,186,25.034408602150535,0.8770054895741567,23.0,23.525,25.0,26.4,26.815,95.46236559139786,2.4759450885261356,87.85,91.0,96.0,99.0,99.0,0.0,0.0,0.0,0.0,0.0,0.0,0.0,71.11827956989248,33.025845031594166,2.7,6.25,88.5,100.0,100.0
abidjan,3,5,186,24.913978494623645,0.8865896236860892,23.085,23.4,25.0,26.4,26.615000000000002,95.75806451612904,2.233798182114561,90.0,92.0,96.0,99.0,100.0,0.0,0.0,0.0,0.0,0.0,0.0,0.0,70.66129032258064,32.81814188897268,4.550000000000001,8.5,87.0,100.0,100.0
abidjan,3,6,186,24.799462365591392,0.879485266849398,22.94,23.3,24.85,26.275,26.515,96.04838709677419,2.1131494562263304,90.0,93.0,96.0,99.0,99.15,0.0,0.0,0.0,0.0,0.0,0.0,0.0,69.43548387096774,33.04214690478961,0.0,10.0,87.5,100.0,100.0
abidjan,3,7,186,25.25967741935482,0.8813710624391794,23.369999999999997,23.6,25.2,26.575000000000003,27.115000000000002,94.56451612903226,2.2285124582603504,88.0,91.0,95.0,98.0,99.0,14.338709677419354,4.744924447500401,5.85,7.0,14.0,24.0,25.150000000000006,71.75268817204301,32.251083473998975,4.550000000000001,11.0,87.5,100.0,100.0
abidjan,3,8,186,26.56129032258065,0.9584970603176252,24.240000000000002,24.8,26.7,27.9,28.560000000000002,88.29032258064517,2.9967030096757648,81.0,83.0,88.0,93.0,95.15,130.7741935483871,32.21187553410859,39.4,64.0,135.5,176.5,188.15,72.8010752688172,30.304870237869658,4.85,16.0,87.0,100.0,100.0
abidjan,3,9,186,27.78978494623655,1.0099254507722193,24.785,25.9,27.95,29.1,29.830000000000002,82.11827956989248,3.7954399984791944,75.85,76.25,82.0,89.0,92.15,306.1989247311828,68.77646664692215,102.7,161.75,318.5,392.75,410.15,71.43548387096774,29.49519058722323,10.8,18.25,83.5,100.0,100.0
abidjan,3,10,186,28.84516129032258,0.9898426212513013,25.755,27.0,29.0,30.175,30.73,76.94086021505376,4.515415330190135,68.85,71.0,76.0,85.0,88.30000000000001,482.97849462365593,96.62047229521829,231.7,274.25,495.0,601.75,618.15,70.39247311827957,29.391165143752676,4.85,19.0,81.0,100.0,100.0
abidjan,3,11,186,29.569354838709696,1.1086544265596698,26.294999999999998,27.7,29.9,31.1,31.515,73.61827956989248,5.162883378699903,63.0,67.0,73.0,82.75,87.15,625.6612903225806,119.48027374168855,223.85,378.0,641.0,780.75,792.8000000000001,72.01075268817205,28.163880866367936,14.0,23.0,84.5,100.0,100.0
abidjan,3,12,186,30.318817204301073,1.1352232971216136,27.085,28.05,30.5,31.7,32.045,70.18279569892474,5.073537156742005,62.0,64.0,69.0,80.0,82.30000000000001,713.6397849462365,141.9729806490036,255.95,434.5,738.5,872.75,900.15,72.56451612903226,27.465689819099527,13.25,24.25,81.0,100.0,100.0
abidjan,3,13,186,30.372580645161296,1.1435893345414705,27.29,28.225,30.5,32.0,32.3,69.26344086021506,5.210664930764213,60.0,62.0,69.0,78.75,85.30000000000001,731.9032258064516,144.67070985748788,209.0,469.5,757.0,903.25,918.95,77.93548387096774,25.521151443507144,9.85,27.5,91.0,100.0,100.0
abidjan,3,14,186,29.909139784946234,1.120902244031665,26.18,28.1,29.95,31.5,32.015,71.16666666666667,5.53572626066128,59.85,63.0,71.0,79.75,87.75000000000003,678.7150537634409,131.4848185735513,289.5,453.25,689.0,856.0,870.3,79.3763440860215,25.086694403541074,14.100000000000001,33.25,92.0,100.0,100.0
abidjan,3,15,186,29.3752688172043,1.062726855122014,26.085,27.424999999999997,29.5,30.8,31.03,73.31720430107526,5.515513285971073,62.85,65.0,73.0,81.75,88.15,563.6075268817204,117.62159915809399,172.9,351.0,578.0,734.75,754.45,79.2258064516129,24.50329318760659,22.8,32.25,92.0,100.0,100.0
abidjan,3,16,186,28.699999999999996,0.9662587200012711,26.085,26.85,28.8,30.1,30.46,76.28494623655914,5.027824648497024,66.0,68.25,76.0,85.0,89.0,419.5537634408602,95.67738023162556,181.7,225.25,434.5,546.75,565.3,78.52150537634408,26.161863196375858,12.100000000000001,26.25,92.0,100.0,100.0
abidjan,3,17,186,27.9467741935484,0.8298304805385263,25.77,26.424999999999997,28.0,29.2,29.6,80.02150537634408,3.9485358512049338,72.85,74.0,80.0,87.0,90.0,259.98387096774195,53.38513705268432,134.95,163.25,269.5,333.75,342.45000000000005,76.01612903225806,28.712605565307786,5.7,21.25,91.5,100.0,100.0
abidjan,3,18,186,27.059677419354827,0.7245598613751117,25.240000000000002,26.0,27.0,28.175,28.6,84.94623655913979,2.9725105836390604,77.85,80.0,85.0,90.0,92.15,101.16129032258064,19.530395567505533,37.1,65.0,106.0,124.75,128.15,75.72043010752688,30.235052502269752,5.25,14.5,92.0,100.0,100.0
abidjan,3,19,186,26.27150537634408,0.7124053549462137,24.5,25.125,26.3,27.4,27.830000000000002,89.52150537634408,2.8001670250630903,82.85,85.0,89.0,94.0,95.15,6.56989247311828,1.2606351826388118,3.0,4.0,7.0,8.0,9.0,76.46774193548387,30.265519119772524,7.0,13.25,92.0,100.0,100.0
abidjan,3,20,186,25.96129032258067,0.7138465028921087,24.4,24.8,26.0,27.1,27.615000000000002,91.65053763440861,2.8627050766906703,83.85,86.0,92.0,96.0,97.0,0.0,0.0,0.0,0.0,0.0,0.0,0.0,75.48387096774194,31.38474833460295,3.85,12.25,93.0,100.0,100.0
abidjan,3,21,186,25.818279569892468,0.6969898776758601,24.455,24.6,25.9,27.0,27.330000000000002,92.68279569892474,2.834394121065364,85.0,87.25,93.0,97.0,97.15,0.0,0.0,0.0,0.0,0.0,0.0,0.0,71.35483870967742,33.20307187540384,1.85,9.0,91.0,100.0,100.0
abidjan,3,22,186,25.647311827956976,0.710609521474795,24.185,24.5,25.6,26.9,27.315,93.60215053763442,2.6986248387556904,86.7,88.25,94.0,97.0,98.0,0.0,0.0,0.0,0.0,0.0,0.0,0.0,70.41397849462365,34.00024696747067,2.85,8.25,89.0,100.0,100.0
abidjan,3,23,186,25.51989247311827,0.7588063555428115,23.884999999999998,24.275,25.6,26.875,27.23,94.11827956989248,2.683479775736516,87.0,89.0,95.0,98.0,99.0,0.0,0.0,0.0,0.0,0.0,0.0,0.0,68.64516129032258,34.09069029455006,1.85,7.5,84.0,100.0,100.0
abidjan,4,0,180,25.735555555555553,0.7703983257036021,23.737000000000002,24.5,25.8,27.2,27.5,93.13888888888889,2.990287776728908,85.58,88.0,93.0,97.0,99.0,0.0,0.0,0.0,0.0,0.0,0.0,0.0,75.44444444444444,31.98163053000931,6.74,13.900000000000002,96.0,100.0,100.0
abidjan,4,1,180,25.665555555555553,0.842504350283673,23.637,24.39,25.7,27.1,27.621000000000002,93.20555555555555,3.2535403319089267,85.0,87.95,94.0,98.0,99.21000000000001,0.0,0.0,0.0,0.0,0.0,0.0,0.0,72.19444444444444,34.340306285798775,4.16,8.0,94.0,100.0,100.0
abidjan,4,2,180,25.459999999999997,0.8475192557628938,23.516000000000002,24.195,25.5,27.0,27.442,94.05,3.039142788499562,86.0,89.0,95.0,98.0,99.0,0.0,0.0,0.0,0.0,0.0,0.0,0.0,72.86111111111111,33.55638106048599,4.79,9.950000000000001,94.0,100.0,100.0
abidjan,4,3,180,25.26388888888889,0.8532137864756397,23.479,24.0,25.3,26.9,27.5,94.63888888888889,2.9809839704531758,86.0,89.0,95.0,99.0,99.0,0.0,0.0,0.0,0.0,0.0,0.0,0.0,74.5,32.13746515621085,4.58,12.0,94.5,100.0,100.0
abidjan,4,4,180,25.070000000000007,0.8719645762427638,23.1,23.8,25.0,26.605,27.163000000000004,95.12777777777778,2.881030979731532,86.79,89.95,96.0,99.0,99.0,0.0,0.0,0.0,0.0,0.0,0.0,0.0,75.59444444444445,30.644683646637127,9.16,14.950000000000001,92.5,100.0,100.0
abidjan,4,5,180,24.918888888888898,0.8807691644169059,23.0,23.5,24.9,26.5,27.242,95.62222222222222,2.7871840738868308,86.0,91.0,96.0,99.0,99.21000000000001,0.0,0.0,0.0,0.0,0.0,0.0,0.0,75.25,31.638210898988724,7.0,14.950000000000001,95.0,100.0,100.0
abidjan,4,6,180,24.799444444444443,0.885029643083102,22.737000000000002,23.5,24.75,26.4,27.121000000000002,95.85555555555555,2.5865511619877606,87.79,91.0,96.0,99.0,100.0,0.0,0.0,0.0,0.0,0.0,0.0,0.0,75.29444444444445,31.131387737605568,5.79,14.0,93.0,100.0,100.0
abidjan,4,7,180,25.57444444444444,0.9542374630051315,23.357999999999997,23.89,25.6,27.1,27.6,93.41666666666667,2.949340792636741,85.79,88.0,94.0,97.0,99.0,30.57777777777778,8.618426999784662,7.79,15.0,31.0,44.0,46.21000000000001,75.0,31.197400176581667,3.79,15.950000000000001,92.5,100.0,100.0
abidjan,4,8,180,26.916111111111114,1.0764738676132926,24.058,24.8,27.0,28.5,28.921,87.03888888888889,3.955816938929427,78.37,80.0,87.0,94.0,96.0,173.97222222222223,43.09027095084554,55.69,81.75,185.0,225.0,231.05000000000004,74.44444444444444,30.029841125531984,8.95,18.0,90.5,100.0,100.0
abidjan,4,9,180,28.135000000000005,1.0980019732829873,24.857999999999997,25.995,28.4,29.605,30.021,81.01666666666667,4.602505356385318,72.0,74.9,80.0,89.0,93.63000000000002,363.00555555555553,75.62146206396275,131.59,188.85,384.0,446.19999999999993,462.21000000000004,76.25,28.378958363156634,14.79,22.0,93.0,100.0,100.0
abidjan,4,10,180,29.09111111111113,1.1270555980020036,25.6,26.98,29.3,30.6,31.0,76.75555555555556,5.127943298159195,67.0,69.0,76.0,86.0,90.05000000000004,529.2833333333333,108.41244675364133,185.0,299.95,563.0,647.15,659.26,76.09444444444445,27.748813232325244,14.79,23.950000000000003,90.5,100.0,100.0
abidjan,4,11,180,29.748888888888906,1.0366339163577518,26.657999999999998,27.895,29.85,31.3,31.642000000000003,73.71666666666667,4.999194379542011,63.79,66.95,73.0,82.04999999999998,86.21000000000001,657.9,116.42594689806525,326.92,375.7,684.5,792.1999999999999,803.21,75.24444444444444,27.802002770028846,11.79,24.900000000000002,89.0,100.0,100.0
abidjan,4,12,180,30.220555555555546,1.2256380298631866,25.537000000000003,28.195,30.45,31.9,32.421,71.63333333333334,5.499393905998491,61.79,63.0,71.0,81.04999999999998,89.21000000000001,731.8666666666667,134.8376554725472,325.32,478.90000000000003,764.0,878.0999999999999,910.0500000000001,76.86666666666666,26.219034646183655,11.79,24.950000000000003,88.0,100.0,100.0
abidjan,4,13,180,30.21055555555557,1.2391976446350823,26.211,27.995,30.3,31.9,32.821,71.08888888888889,5.6038566966459085,60.79,62.95,71.0,80.04999999999998,88.63000000000002,740.55,152.22407734068292,220.32,421.20000000000005,774.0,914.3,937.26,80.50555555555556,22.90548144542947,23.37,34.0,90.0,100.0,100.0
abidjan,4,14,180,29.75833333333331,1.211237888369672,25.516000000000002,27.595000000000002,30.0,31.5,31.921,72.89444444444445,5.636682655429935,62.79,64.95,72.0,83.0,87.63000000000002,676.4166666666666,146.26505145720145,206.12,413.2000000000001,704.0,832.2499999999999,875.8900000000001,82.08333333333333,22.965160811784223,20.58,34.0,94.0,100.0,100.0
abidjan,4,15,180,29.257222222222232,1.1310285660777761,25.611,27.1,29.5,30.805,31.1,74.9,5.396603870336729,64.58,67.0,74.0,84.0,90.0,558.8777777777777,122.40232639199648,192.74,319.0,587.0,713.15,744.4200000000001,81.29444444444445,23.823353906577168,17.32,34.0,95.0,100.0,100.0
abidjan,4,16,180,28.69777777777777,1.053773935041496,25.253,26.990000000000002,28.9,30.1,30.421,77.1,4.9834169446720455,66.79,70.0,77.0,85.04999999999998,90.21000000000001,408.9888888888889,96.29468595519626,155.33,209.5,428.0,540.05,566.4200000000001,81.05,24.24991981659135,12.58,31.85,94.5,100.0,100.0
abidjan,4,17,180,27.957222222222217,0.930712424588794,24.979,26.195,28.1,29.205,29.721,80.33888888888889,4.248089621476781,71.79,74.0,80.0,88.0,91.42000000000002,249.49444444444444,59.06394813366106,89.58,123.80000000000001,260.0,323.0,339.26000000000005,80.89444444444445,25.469916289663594,12.370000000000001,26.0,95.5,100.0,100.0
abidjan,4,18,180,27.173888888888886,0.8352221187530423,24.579,25.5,27.25,28.5,28.842000000000002,84.56111111111112,3.790578802019683,76.0,78.95,84.0,91.0,94.21000000000001,93.06666666666666,21.481671774380644,27.53,50.95,97.0,119.04999999999998,123.0,79.03333333333333,28.106523560673025,9.79,21.85,95.0,100.0,100.0
abidjan,4,19,180,26.48444444444444,0.7973443576594478,24.479,25.095000000000002,26.5,27.805,28.184000000000005,88.62222222222222,3.7493044622459353,79.0,82.95,89.0,95.0,96.0,4.522222222222222,1.0025276696406253,1.0,2.950000000000001,5.0,6.0,6.0,80.42777777777778,28.54373458310276,8.0,16.800000000000004,97.0,100.0,100.0
abidjan,4,20,180,26.217777777777762,0.7923351953109208,24.5,24.995,26.15,27.505,28.0,90.38333333333334,3.6897380214138074,81.0,84.95,90.5,96.0,97.21000000000001,0.0,0.0,0.0,0.0,0.0,0.0,0.0,78.89444444444445,29.493972495753212,5.16,15.950000000000001,96.0,100.0,100.0
abidjan,4,21,180,26.017777777777773,0.8041666186912285,24.179,24.6,26.0,27.5,27.8,91.5,3.5457329598014318,82.79,85.95,92.0,97.0,98.21000000000001,0.0,0.0,0.0,0.0,0.0,0.0,0.0,78.83333333333333,29.67219049697695,7.79,15.950000000000001,96.0,100.0,100.0
abidjan,4,22,180,25.874444444444432,0.8180004225903705,24.0,24.5,25.9,27.305,27.742,92.17777777777778,3.3717050674292954,84.0,86.95,93.0,97.0,98.21000000000001,0.0,0.0,0.0,0.0,0.0,0.0,0.0,78.03333333333333,30.508996851566405,1.79,13.950000000000001,96.0,100.0,100.0
abidjan,4,23,180,25.69277777777778,0.8301961318170251,23.916,24.4,25.6,27.2,27.721,92.91111111111111,3.1504653781251815,85.0,87.0,93.0,97.0,98.0,0.0,0.0,0.0,0.0,0.0,0.0,0.0,76.75555555555556,31.415605149568275,5.58,13.950000000000001,96.0,100.0,100.0
abidjan,5,0,186,25.357526881720435,0.7731880043932315,23.255,23.924999999999997,25.45,26.575000000000003,27.015,93.15053763440861,2.8678651029265074,85.85,88.0,94.0,97.0,98.15,0.0,0.0,0.0,0.0,0.0,0.0,0.0,79.45698924731182,29.251427307697607,8.4,17.25,96.0,100.0,100.0
abidjan,5,1,186,25.315053763440847,0.8583487819750745,23.47,23.9,25.3,26.875,27.330000000000002,93.29032258064517,3.4378683229028923,82.85,87.0,94.0,98.0,99.0,0.0,0.0,0.0,0.0,0.0,0.0,0.0,76.58602150537635,32.71111116805728,2.0,12.25,96.0,100.0,100.0
abidjan,5,2,186,25.062903225806462,0.8231660366949601,23.2,23.7,25.0,26.5,27.015,94.28494623655914,3.058478300272626,85.85,88.0,95.0,98.0,99.0,0.0,0.0,0.0,0.0,0.0,0.0,0.0,78.0752688172043,30.590333900654702,7.0,16.0,96.0,100.0,100.0
abidjan,5,3,186,24.849999999999984,0.7802846185985631,23.2,23.5,24.9,26.175,26.9,95.04301075268818,2.622950724901391,86.85,90.0,96.0,99.0,99.0,0.0,0.0,0.0,0.0,0.0,0.0,0.0,79.62903225806451,29.55634342569941,9.0,16.25,96.5,100.0,100.0
abidjan,5,4,186,24.674731182795707,0.8037253200583531,22.755,23.4,24.6,26.0,26.560000000000002,95.51612903225806,2.542595842394005,88.0,91.0,96.0,99.0,99.0,0.0,0.0,0.0,0.0,0.0,0.0,0.0,80.20967741935483,29.21544209635016,9.85,15.25,96.0,100.0,100.0
abidjan,5,5,186,24.492473118279563,0.8065906690148907,22.71,23.2,24.5,25.875,26.490000000000002,95.95161290322581,2.3309102427664405,89.0,91.0,96.0,99.0,99.0,0.0,0.0,0.0,0.0,0.0,0.0,0.0,78.99462365591398,29.03270260511909,9.25,18.75,96.0,100.0,100.0
abidjan,5,6,186,24.360215053763437,0.8118265327908893,22.495,23.125,24.3,25.675,26.53,96.33333333333333,2.3387034977053434,88.85,92.0,97.0,99.0,99.0,0.0,0.0,0.0,0.0,0.0,0.0,0.0,76.80645161290323,30.12777736789388,6.7,15.5,94.0,100.0,100.0
abidjan,5,7,186,25.152150537634405,0.9817258771003888,22.755,23.5,25.1,26.5,27.415,93.8763440860215,2.815238787384102,85.85,89.0,94.0,98.0,99.0,38.74193548387097,11.761430702422246,6.85,15.25,42.0,53.0,54.0,75.6236559139785,30.45123511399211,4.7,13.25,92.0,100.0,100.0
abidjan,5,8,186,26.346236559139797,1.202645751771829,23.085,24.424999999999997,26.35,28.1,28.815,88.20430107526882,4.402001352720565,78.0,81.0,89.0,95.0,97.15,176.66129032258064,55.79704299456395,30.4,61.5,190.5,242.0,247.45000000000002,77.61827956989248,26.817773941747244,11.7,22.25,92.0,100.0,100.0
abidjan,5,9,186,27.39946236559138,1.3289375379476824,23.485,25.05,27.5,29.375,29.915,83.59677419354838,5.2989946624697035,73.0,76.0,83.0,93.5,96.15,339.8010752688172,91.98847636410784,75.75,155.75,363.5,453.75,466.15,80.5752688172043,25.285833323488085,22.7,29.0,96.0,100.0,100.0
abidjan,5,10,186,28.229569892473123,1.4129724742035767,24.07,25.6,28.4,30.175,30.815,80.11290322580645,5.796100391066644,69.85,72.0,80.0,90.0,94.30000000000001,483.78494623655916,123.29393582854709,123.15,235.0,513.0,633.5,647.75,82.97849462365592,22.82070296365448,26.85,32.0,96.0,100.0,100.0
abidjan,5,11,186,28.734946236559143,1.4072829947160659,24.869999999999997,26.225,28.95,30.725,31.315,78.01075268817205,6.079216530689539,67.0,69.0,77.0,89.75,93.15,580.763440860215,149.9237725918091,175.4,257.0,624.5,759.5,805.4000000000001,84.87096774193549,22.221381646722197,20.55,37.75,98.0,100.0,100.0
abidjan,5,12,186,29.236021505376335,1.4379059144785367,25.485,26.424999999999997,29.6,31.175,31.8,75.6236559139785,6.2267442233915675,62.0,66.0,75.0,86.0,90.15,638.1290322580645,160.07707994188112,196.1,319.25,675.0,828.0,897.6,82.86021505376344,23.248813773808646,26.35,32.75,96.0,100.0,100.0
abidjan,5,13,186,29.086021505376344,1.3300571091182558,25.725,26.525,29.3,30.975,31.515,76.2258064516129,6.17161213886992,63.55,67.0,76.0,86.0,92.15,648.8387096774194,167.05554354942288,177.6,307.25,700.5,855.25,893.7000000000003,83.61290322580645,20.94567076580132,32.0,39.25,95.0,100.0,100.0
abidjan,5,14,186,28.744086021505375,1.2554365530909406,25.51,26.725,29.0,30.5,31.115000000000002,77.62903225806451,5.975489013959336,64.85,67.0,78.0,86.75,92.0,601.5591397849462,148.90958232023524,185.4,315.5,626.5,804.25,841.35,83.25806451612904,21.65909043345171,19.85,39.0,94.0,100.0,100.0
abidjan,5,15,186,28.267741935483865,1.2461261513248203,24.935000000000002,26.125,28.4,30.0,30.415,79.15591397849462,5.787676235558971,67.0,70.0,80.0,88.75,92.15,497.89784946236557,133.2669537549243,120.80000000000001,216.25,522.0,657.25,697.45,84.2258064516129,22.008370368682925,20.0,35.75,96.0,100.0,100.0
abidjan,5,16,186,27.739247311827953,1.190652424892074,24.965,25.5,27.9,29.5,29.9,80.88709677419355,5.573858450202409,70.0,72.25,80.0,90.0,92.15,365.241935483871,103.12785969715586,87.45,149.5,384.0,501.25,515.3,84.73118279569893,22.86808349396632,11.25,31.75,97.0,100.0,100.0
abidjan,5,17,186,27.20053763440861,1.042046028735299,24.77,25.2,27.3,28.8,29.1,82.89247311827957,4.898896881735675,72.0,75.0,83.0,91.75,94.15,225.3763440860215,65.54000895431027,56.8,112.25,234.0,316.75,328.1000000000001,86.0752688172043,22.065024413018254,8.55,34.0,97.0,100.0,100.0
abidjan,5,18,186,26.49999999999999,0.9135185433434059,24.34,24.9,26.6,27.875,28.315,86.69354838709677,3.9794716905426992,78.7,80.25,87.0,93.75,95.0,84.74731182795699,23.381492963535038,28.1,40.5,88.5,118.75,122.15,84.11827956989248,25.496510181762606,5.4,20.25,98.0,100.0,100.0
abidjan,5,19,186,25.858064516129033,0.8679257909714218,23.8,24.4,25.95,27.175,27.915,90.18279569892474,3.6410037507670605,81.85,84.0,90.0,96.0,97.0,4.172043010752688,1.0013287506944355,2.0,2.0,4.0,6.0,6.0,83.2741935483871,27.65231679895259,4.7,18.25,98.0,100.0,100.0
abidjan,5,20,186,25.621505376344096,0.8227738897333879,23.9,24.225,25.65,27.0,27.630000000000003,91.70967741935483,3.258011284564608,82.85,85.25,92.0,96.0,97.0,0.0,0.0,0.0,0.0,0.0,0.0,0.0,81.6774193548387,29.744308677738925,2.85,13.0,98.0,100.0,100.0
abidjan,5,21,186,25.444086021505388,0.8518748918180291,23.585,24.0,25.5,26.975,27.5,92.65591397849462,3.1091077572775982,84.85,86.25,93.0,97.0,98.0,0.0,0.0,0.0,0.0,0.0,0.0,0.0,81.65591397849462,29.368256809616945,5.85,13.25,98.0,100.0,100.0
abidjan,5,22,186,25.30376344086023,0.8727886514278693,23.485,23.924999999999997,25.3,26.875,27.3,93.1989247311828,3.1907458467967524,84.0,87.0,94.0,97.0,98.0,0.0,0.0,0.0,0.0,0.0,0.0,0.0,80.66129032258064,29.685779269006655,5.0,16.25,97.0,100.0,100.0
abidjan,5,23,186,25.152150537634398,0.8654793556017547,23.185,23.6,25.1,26.75,27.115000000000002,93.8010752688172,3.0282183492408015,84.85,88.0,94.0,98.0,98.15,0.0,0.0,0.0,0.0,0.0,0.0,0.0,81.54838709677419,28.489770331253542,2.85,15.25,97.0,100.0,100.0
abidjan,6,0,180,24.23666666666668,0.6393486268591392,22.857999999999997,23.295,24.2,25.2,25.7,92.85,3.3107149278265156,82.58,86.95,94.0,96.0,97.0,0.0,0.0,0.0,0.0,0.0,0.0,0.0,83.42777777777778,24.69706022891422,14.32,30.950000000000003,98.0,100.0,100.0
abidjan,6,1,180,24.310555555555553,0.7098119643196769,22.758,23.295,24.25,25.404999999999998,25.926000000000005,92.76666666666667,3.601080084888115,81.58,86.0,93.5,97.0,98.0,0.0,0.0,0.0,0.0,0.0,0.0,0.0,81.31111111111112,26.24802402909784,10.0,25.950000000000003,96.0,100.0,100.0
abidjan,6,2,180,24.125000000000004,0.6628117715041316,22.878999999999998,23.1,24.0,25.1,25.863000000000003,93.51666666666667,3.629317352401751,81.58,87.0,94.0,98.0,98.21000000000001,0.0,0.0,0.0,0.0,0.0,0.0,0.0,84.56666666666666,25.199448847588403,13.370000000000001,25.900000000000002,99.0,100.0,100.0
abidjan,6,3,180,23.935555555555553,0.6414932425574827,22.737000000000002,22.9,23.9,25.0,25.221,94.20555555555555,3.4539787399175585,83.58,88.0,95.0,98.0,99.21000000000001,0.0,0.0,0.0,0.0,0.0,0.0,0.0,84.56666666666666,24.970004227294663,13.16,26.900000000000002,98.0,100.0,100.0
abidjan,6,4,180,23.745555555555544,0.638689824060181,22.4,22.8,23.65,24.9,25.1,94.79444444444445,3.3544286187106014,82.58,89.0,96.0,99.0,99.0,0.0,0.0,0.0,0.0,0.0,0.0,0.0,82.97777777777777,26.921481624151138,7.79,22.950000000000003,98.5,100.0,100.0
abidjan,6,5,180,23.571666666666655,0.6234558703085746,22.179,22.6,23.6,24.5,25.005000000000003,95.40555555555555,2.891937493988382,85.0,90.0,96.0,99.0,99.0,0.0,0.0,0.0,0.0,0.0,0.0,0.0,83.0111111111111,26.10704223616665,7.16,21.0,97.0,100.0,100.0
abidjan,6,6,180,23.445,0.6330064946129876,22.079,22.4,23.4,24.5,24.921,95.77222222222223,2.726068711034986,87.0,90.95,96.0,99.0,100.0,0.0,0.0,0.0,0.0,0.0,0.0,0.0,83.78333333333333,25.342383251953432,13.16,22.950000000000003,98.0,100.0,100.0
abidjan,6,7,180,24.10611111111111,0.7258071284124468,22.558,22.9,24.1,25.3,25.642000000000003,93.82777777777778,3.2107987160614284,83.0,87.0,95.0,98.0,99.0,30.894444444444446,10.929825261499543,4.79,13.950000000000001,31.5,48.0,51.0,83.48333333333333,24.59053002004361,11.0,29.950000000000003,97.0,100.0,100.0
abidjan,6,8,180,25.08833333333333,0.9615540084213224,22.979,23.495,25.05,26.6,26.9,89.32777777777778,4.156428161502184,78.0,81.0,90.0,95.0,96.42000000000002,147.93333333333334,50.666184208229275,28.69,60.0,152.0,226.0,235.05000000000004,84.49444444444444,22.669239369247645,22.0,33.800000000000004,98.0,100.0,100.0
abidjan,6,9,180,25.892222222222212,1.118503740397837,23.157999999999998,23.9,26.0,27.5,27.9,85.77777777777777,5.43911303589877,71.0,75.95,86.0,93.04999999999998,97.0,282.65,99.57289206070769,54.9,108.95,299.5,415.15,449.63,87.48333333333333,20.545741651252182,26.58,39.0,99.0,100.0,100.0
abidjan,6,10,180,26.579444444444444,1.2476955300883583,23.337,24.384999999999998,26.8,28.2,28.5,83.13333333333334,6.227537412350262,68.0,73.0,83.0,92.04999999999998,96.21000000000001,407.99444444444447,135.24662646120157,62.07,151.25000000000003,452.0,569.0999999999999,613.0,88.73333333333333,18.661487376710113,32.79,41.85,99.0,100.0,100.0
abidjan,6,11,180,27.023333333333348,1.281886630452683,23.895,24.595000000000002,27.1,28.8,29.205000000000005,81.38888888888889,6.462188216325015,65.79,71.0,81.0,93.0,96.0,487.90555555555557,156.0742948876956,80.13,218.60000000000002,509.5,693.5999999999998,739.21,91.29444444444445,15.366521048558862,40.0,54.0,99.0,100.0,100.0
abidjan,6,12,180,27.222777777777775,1.4405566268153873,24.0,24.490000000000002,27.4,29.404999999999998,29.921,80.28333333333333,6.930828874592769,66.0,69.0,80.0,92.0,94.21000000000001,537.8444444444444,161.35254094415677,116.06,238.45000000000005,569.0,753.3,785.94,88.34444444444445,17.988984969889607,31.16,46.95,99.0,100.0,100.0
abidjan,6,13,180,27.167222222222215,1.3250086186535441,24.1,24.695,27.4,29.105,29.8,80.54444444444445,6.770296417458169,64.79,69.0,81.0,91.04999999999998,94.42000000000002,536.2722222222222,177.9748368779373,106.33,214.00000000000003,557.0,778.0999999999997,836.0500000000001,88.05,18.316742493018644,31.79,44.0,98.0,100.0,100.0
abidjan,6,14,180,26.95833333333333,1.3210633343384162,24.0,24.5,27.15,28.8,29.5,81.13888888888889,6.61795863867476,63.79,70.0,82.0,92.0,94.21000000000001,496.2,175.41054700330886,92.22,176.9,528.0,743.0999999999999,781.21,88.2,18.893679131156812,25.58,44.95,98.5,100.0,100.0
abidjan,6,15,180,26.69777777777778,1.1954522879812082,24.137,24.8,26.85,28.4,29.163000000000004,81.65,6.265846577545075,66.0,70.0,83.0,92.0,94.21000000000001,429.60555555555555,142.8831495088915,133.95,188.55,447.5,639.15,688.7200000000003,86.63333333333334,20.569367731869875,20.740000000000002,38.95,97.5,100.0,100.0
abidjan,6,16,180,26.3761111111111,1.067778789454949,24.079,24.5,26.5,28.0,28.521,82.53888888888889,5.806475206266504,68.0,72.0,83.0,92.0,94.0,327.8611111111111,109.51726215476964,115.11,146.95,330.0,495.0,540.84,87.61111111111111,19.88980444820046,20.37,39.95,98.0,100.0,100.0
abidjan,6,17,180,25.928333333333335,0.9188322903434434,24.0,24.395,26.0,27.205,27.6,84.17222222222222,5.311236051529036,70.0,74.0,85.0,92.0,95.0,203.5611111111111,67.22062876899297,65.37,90.95,198.5,300.2499999999999,327.9900000000001,87.38888888888889,20.34873430103997,18.37,39.75000000000001,98.0,100.0,100.0
abidjan,6,18,180,25.335555555555537,0.8088140991065748,23.657999999999998,24.0,25.5,26.5,26.7,87.32222222222222,4.6351981325931515,74.0,80.0,88.0,95.04999999999998,97.0,85.43888888888888,26.891998787100817,31.0,37.95,87.5,123.04999999999998,135.42000000000002,86.10555555555555,23.156591867405265,14.79,29.0,98.0,100.0,100.0
abidjan,6,19,180,24.7161111111111,0.6862267109093263,23.4,23.6,24.8,25.8,26.021,90.35555555555555,4.2695592047035875,77.58,82.95,91.0,96.0,97.0,6.3,2.121058435991071,1.79,2.950000000000001,6.0,9.0,11.0,83.99444444444444,25.366972670563914,15.370000000000001,25.0,98.0,100.0,100.0
abidjan,6,20,180,24.513333333333335,0.6642790578263527,23.179,23.4,24.5,25.5,25.921,91.56666666666666,4.030577570963687,78.0,84.0,92.0,96.0,97.21000000000001,0.0,0.0,0.0,0.0,0.0,0.0,0.0,83.81111111111112,26.04350823118221,12.370000000000001,23.0,98.0,100.0,100.0
abidjan,6,21,180,24.37555555555556,0.6989374651904944,22.9,23.2,24.4,25.5,25.921,92.28888888888889,3.983980266697123,79.79,84.0,93.0,97.0,98.0,0.0,0.0,0.0,0.0,0.0,0.0,0.0,83.58333333333333,26.043739917471278,11.79,27.950000000000003,98.5,100.0,100.0
abidjan,6,22,180,24.275555555555552,0.7059762525296459,22.8,23.1,24.3,25.4,25.642000000000003,92.7388888888889,3.8878212820277196,78.0,85.0,94.0,97.0,98.0,0.0,0.0,0.0,0.0,0.0,0.0,0.0,82.71111111111111,27.04656250265227,8.16,24.950000000000003,98.0,100.0,100.0
abidjan,6,23,180,24.151666666666674,0.6716046290622023,22.8,23.095000000000002,24.1,25.3,25.621000000000002,93.25555555555556,3.9512617144150872,79.58,85.0,94.5,97.0,98.21000000000001,0.0,0.0,0.0,0.0,0.0,0.0,0.0,82.2388888888889,26.134133467531832,7.16,24.0,97.0,100.0,100.0
abidjan,7,0,186,23.49946236559139,0.5797197424328825,22.0,22.4,23.6,24.4,24.5,92.8010752688172,3.4978025244017057,83.0,86.0,93.0,97.75,98.0,0.0,0.0,0.0,0.0,0.0,0.0,0.0,73.50537634408602,30.72077635944739,9.7,16.0,89.0,100.0,100.0
abidjan,7,1,186,23.505376344086013,0.6191158439723555,21.8,22.424999999999997,23.6,24.4,24.6,92.65053763440861,3.602780397508246,82.0,86.0,93.0,98.0,98.0,0.0,0.0,0.0,0.0,0.0,0.0,0.0,70.51075268817205,31.800324480543722,3.85,13.0,87.0,100.0,100.0
abidjan,7,2,186,23.357526881720432,0.6291078440020436,21.6,22.2,23.5,24.2,24.515,93.25806451612904,3.4451250451156077,84.0,87.0,94.0,98.0,98.15,0.0,0.0,0.0,0.0,0.0,0.0,0.0,71.54838709677419,30.86356244256091,1.85,17.25,88.0,100.0,100.0
abidjan,7,3,186,23.21021505376345,0.6385913235262921,21.0,22.025,23.3,24.075000000000003,24.23,93.70967741935483,3.2364876925633084,85.0,87.0,94.0,98.0,99.0,0.0,0.0,0.0,0.0,0.0,0.0,0.0,74.36021505376344,29.66469115006966,7.800000000000001,15.0,90.5,100.0,100.0
abidjan,7,4,186,23.097849462365595,0.6418184003741638,20.77,22.025,23.2,24.0,24.215,94.01075268817205,2.9693582944421437,85.0,88.0,94.0,98.0,98.0,0.0,0.0,0.0,0.0,0.0,0.0,0.0,76.29569892473118,29.156302603395226,11.55,20.0,91.0,100.0,100.0
abidjan,7,5,186,22.985483870967734,0.6235986718261151,21.055,21.825,23.1,23.95,24.015,94.41397849462365,2.9008004604531963,85.0,89.0,95.0,98.0,99.0,0.0,0.0,0.0,0.0,0.0,0.0,0.0,77.78494623655914,28.14854967228369,8.85,20.25,94.0,100.0,100.0
abidjan,7,6,186,22.882258064516126,0.6228250397799523,20.955,21.8,23.0,23.8,23.915,94.74731182795699,2.935803874006958,86.85,89.0,95.0,98.0,99.15,0.0,0.0,0.0,0.0,0.0,0.0,0.0,78.96774193548387,28.096397661761046,9.7,19.0,95.0,100.0,100.0
abidjan,7,7,186,23.56344086021506,0.47105120289603064,22.485,22.9,23.5,24.275,24.8,92.48924731182795,3.1456391512727033,82.85,86.25,93.0,96.0,98.0,26.4247311827957,7.166771530825377,8.7,13.0,28.0,36.0,38.0,78.75268817204301,27.919683546431365,9.4,25.5,95.0,100.0,100.0
abidjan,7,8,186,24.616666666666674,0.6235449011319059,22.884999999999998,23.4,24.6,25.575000000000003,26.0,87.23118279569893,4.460736196884841,74.85,79.25,87.5,94.0,96.15,151.252688172043,44.20803238306736,45.25,64.0,158.5,208.75,219.0,80.65591397849462,24.838400128406757,18.25,30.25,94.0,100.0,100.0
abidjan,7,9,186,25.457526881720412,0.7296871562879302,23.5,24.1,25.5,26.5,26.915,83.51075268817205,5.246851843931767,69.55,74.25,84.0,91.0,94.0,300.51612903225805,80.52617458701089,92.5,132.5,321.5,402.5,431.20000000000005,82.45698924731182,21.65170979788728,25.55,41.25,93.0,100.0,100.0
abidjan,7,10,186,26.23064516129032,0.793235251619638,23.9,24.725,26.35,27.5,27.6,80.36559139784946,5.384735386988201,67.85,72.0,80.0,90.0,94.0,449.48387096774195,97.1100266024886,180.85,253.5,471.5,579.0,607.3,86.2741935483871,20.3339083466684,29.25,41.0,97.0,100.0,100.0
abidjan,7,11,186,26.513440860215045,0.8547036141305724,24.285,24.9,26.5,27.675,28.215,79.18817204301075,5.62082053976941,65.7,70.25,79.0,88.75,91.15,530.6666666666666,121.71483801129055,230.85,292.5,553.5,696.75,736.6500000000001,83.22043010752688,21.126597714677168,25.7,39.25,94.5,100.0,100.0
abidjan,7,12,186,26.73010752688172,0.8478036070812067,24.6,25.125,26.8,28.0,28.715,78.1236559139785,5.570735706503438,63.85,69.0,78.0,87.0,91.0,604.0430107526881,130.2782723926059,271.95,395.25,621.0,787.75,840.15,81.70967741935483,21.463187111219312,31.7,39.25,92.0,100.0,100.0
abidjan,7,13,186,26.834946236559144,0.8434531220835587,24.669999999999998,25.4,26.9,28.175,28.630000000000003,77.74731182795699,5.415590623929135,63.0,70.0,78.0,86.75,90.15,621.1881720430108,142.12735493700626,286.05,379.25,642.5,825.5,853.9000000000001,79.30645161290323,23.69151341385889,18.4,35.0,91.0,100.0,100.0
abidjan,7,14,186,26.68387096774192,0.7957265325056543,24.585,25.3,26.75,27.8,28.43,78.05376344086021,5.488728609659197,64.0,70.0,78.0,87.0,90.30000000000001,586.2204301075269,143.6410168898436,216.2,319.25,601.5,773.75,813.0500000000001,78.98387096774194,24.383908806250105,21.7,29.5,90.5,100.0,100.0
abidjan,7,15,186,26.458064516129017,0.7436935692003308,24.5,25.0,26.5,27.575000000000003,28.03,78.55376344086021,5.348078926315907,64.7,70.25,78.0,87.0,91.0,516.4677419354839,124.72904625997364,214.7,291.5,536.0,696.0,720.4000000000001,76.37096774193549,25.39975057300764,15.0,27.5,88.5,100.0,100.0
abidjan,7,16,186,26.032258064516135,0.6356203117542216,24.355,24.9,26.1,27.0,27.23,79.95698924731182,5.03731021093348,65.7,72.0,80.0,87.0,91.30000000000001,406.8279569892473,100.24262219449498,152.4,223.25,415.5,551.75,577.6500000000001,74.3010752688172,24.76590829946602,18.4,31.25,80.0,100.0,100.0
abidjan,7,17,186,25.51182795698926,0.5576157890973542,24.085,24.525,25.5,26.4,26.73,81.6774193548387,4.531042962665205,67.85,74.25,82.0,89.0,91.15,264.3440860215054,66.17328093865491,109.55,137.25,270.0,363.75,371.3,74.7741935483871,27.763838565236572,11.4,23.0,89.0,100.0,100.0
abidjan,7,18,186,24.782795698924737,0.4655032323586371,23.884999999999998,24.025,24.8,25.5,25.915,85.17204301075269,3.8913293632387163,73.0,78.25,86.0,91.0,93.0,114.34408602150538,29.3574538990264,44.7,63.75,116.5,153.0,158.15,70.6774193548387,30.271410725613123,2.0,18.0,84.0,100.0,100.0
abidjan,7,19,186,24.060752688172045,0.4664179134849516,23.085,23.4,24.1,24.8,25.015,89.19354838709677,3.895843013430227,78.7,81.25,90.0,94.0,96.0,10.521505376344086,2.3376465263656017,4.0,6.0,11.0,14.0,14.0,67.45698924731182,33.16350467830971,0.0,10.25,83.5,100.0,100.0
abidjan,7,20,186,23.802150537634404,0.49794815436468354,22.685,23.0,23.9,24.5,24.9,90.94623655913979,3.915410939577122,80.85,83.0,92.0,96.0,97.0,0.0,0.0,0.0,0.0,0.0,0.0,0.0,68.05376344086021,31.58121995076266,2.7,12.5,81.0,100.0,100.0
abidjan,7,21,186,23.66666666666667,0.5276919379353894,22.5,22.7,23.7,24.5,24.9,91.81182795698925,3.862150202342596,81.0,85.0,92.0,97.0,98.0,0.0,0.0,0.0,0.0,0.0,0.0,0.0,67.91935483870968,32.764046509394845,1.7000000000000002,10.25,81.5,100.0,100.0
abidjan,7,22,186,23.58172043010753,0.5362045502325934,22.285,22.6,23.6,24.475,24.715,92.29032258064517,3.737576252068679,80.85,86.0,93.0,97.0,98.0,0.0,0.0,0.0,0.0,0.0,0.0,0.0,68.90860215053763,32.04327099915966,2.7,13.25,81.0,100.0,100.0
abidjan,7,23,186,23.46666666666666,0.5624128765663169,22.0,22.5,23.5,24.275,24.6,92.83870967741936,3.438524072539442,83.7,87.0,94.0,97.0,98.0,0.0,0.0,0.0,0.0,0.0,0.0,0.0,70.85483870967742,30.99887967496598,4.85,16.25,84.0,100.0,100.0
abidjan,8,0,186,22.94516129032257,0.665512354818105,21.169999999999998,21.8,23.0,23.9,24.2,94.59677419354838,3.2118380364936447,82.7,89.0,95.5,98.0,99.0,0.0,0.0,0.0,0.0,0.0,0.0,0.0,74.33333333333333,31.52890236890296,0.0,14.25,93.5,100.0,100.0
abidjan,8,1,186,22.94838709677418,0.713331258648245,20.985,21.650000000000002,23.0,24.0,24.2,94.39784946236558,3.2383448080181307,81.7,89.0,95.0,98.0,99.0,0.0,0.0,0.0,0.0,0.0,0.0,0.0,71.61827956989248,32.16488918004931,0.0,9.25,90.5,100.0,100.0
abidjan,8,2,186,22.837096774193558,0.7423952525877724,20.685,21.525,22.9,24.0,24.215,94.70430107526882,3.0802322904477726,82.0,89.25,95.0,98.0,99.0,0.0,0.0,0.0,0.0,0.0,0.0,0.0,74.66129032258064,31.728320961299495,0.0,10.0,93.0,100.0,100.0
abidjan,8,3,186,22.787634408602166,0.7187263194407922,20.884999999999998,21.5,22.9,23.875,24.2,94.68817204301075,3.1125085641326407,81.85,90.0,95.0,98.0,99.0,0.0,0.0,0.0,0.0,0.0,0.0,0.0,79.03225806451613,29.3358203782805,3.4000000000000004,16.0,97.5,100.0,100.0
abidjan,8,4,186,22.754301075268813,0.7346331069498578,20.84,21.5,22.85,23.8,24.1,94.68279569892474,3.3233330741443785,82.7,89.0,95.0,98.0,99.0,0.0,0.0,0.0,0.0,0.0,0.0,0.0,80.0752688172043,28.094401753266997,8.65,20.25,97.0,100.0,100.0
abidjan,8,5,186,22.686021505376342,0.7750950545730124,20.1,21.4,22.8,23.7,24.0,94.93010752688173,3.1708444974718684,84.7,89.0,96.0,98.0,100.0,0.0,0.0,0.0,0.0,0.0,0.0,0.0,83.24731182795699,26.135567128298867,3.0,22.5,97.0,100.0,100.0
abidjan,8,6,186,22.62473118279569,0.7496459255934206,19.985,21.2,22.75,23.6,23.9,95.26881720430107,2.940776669214894,85.0,90.0,96.0,98.75,99.15,0.0,0.0,0.0,0.0,0.0,0.0,0.0,83.05913978494624,27.327007148426166,3.85,23.0,99.0,100.0,100.0
abidjan,8,7,186,23.241935483870964,0.5075394111812254,21.7,22.4,23.2,24.075000000000003,24.315,93.10215053763442,2.758232194278334,83.0,88.25,94.0,97.0,98.0,23.881720430107528,8.011214535290064,8.0,10.0,24.0,36.0,37.150000000000006,82.88172043010752,25.99993774283925,5.85,26.75,98.0,100.0,100.0
abidjan,8,8,186,24.305376344086028,0.5038274135715567,23.154999999999998,23.5,24.3,25.1,25.415,87.41397849462365,3.9124310127649613,76.0,80.25,88.0,93.75,96.0,146.05376344086022,47.09595914255217,41.7,61.5,150.0,214.0,225.15,83.73655913978494,23.51024615315595,12.55,37.25,98.0,100.0,100.0
abidjan,8,9,186,25.158602150537643,0.6385940393490603,23.57,24.125,25.2,26.075000000000003,26.4,83.19354838709677,5.041245076871194,71.0,76.0,83.0,91.0,94.15,292.26881720430106,85.73855480658294,109.2,145.0,315.0,408.5,441.90000000000003,87.55913978494624,19.636460691971507,27.950000000000003,44.0,99.0,100.0,100.0
abidjan,8,10,186,25.847311827956986,0.7752337695089017,23.455,24.5,25.9,27.0,27.245,80.18279569892474,5.300529972608323,68.85,72.0,80.0,89.0,92.15,426.60215053763443,111.09480982282088,130.85,211.25,448.5,576.75,612.45,90.0,15.509622403423437,44.7,53.25,98.5,100.0,100.0
abidjan,8,11,186,26.264516129032263,0.8107006343633005,24.095,24.9,26.3,27.5,27.915,78.44086021505376,5.211571833953763,68.0,70.0,78.0,87.0,89.15,522.258064516129,123.14196748222635,227.3,304.25,542.0,694.0,744.6,86.48924731182795,18.687940809289984,36.85,42.0,96.5,100.0,100.0
abidjan,8,12,186,26.463978494623678,0.9229704730711457,23.77,24.7,26.6,27.8,28.315,77.62903225806451,5.480857805971805,65.85,69.0,78.0,86.75,92.0,605.6774193548387,141.15694470518113,213.45,335.25,615.5,815.0,832.9000000000001,83.79032258064517,20.92444454378263,36.25,43.25,97.0,100.0,100.0
abidjan,8,13,186,26.573655913978495,0.9017334381250185,24.34,24.9,26.7,27.9,28.43,76.81182795698925,5.581466055190155,64.55,69.0,76.0,86.75,91.15,609.2043010752689,161.94211491656918,255.55,333.5,640.0,832.0,887.6,84.44623655913979,21.21547953401051,29.4,40.25,97.5,100.0,100.0
abidjan,8,14,186,26.542473118279563,0.8443183366352099,24.57,24.825,26.75,27.675,28.26,76.68279569892474,5.346230179323004,62.85,69.0,76.0,85.75,87.75000000000003,595.4677419354839,152.54099231275953,230.65,329.0,621.0,809.25,872.6500000000001,84.25268817204301,22.032615566194345,27.65,35.25,97.0,100.0,100.0
abidjan,8,15,186,26.265053763440847,0.7554207311031782,24.285,24.825,26.5,27.175,27.43,77.66666666666667,5.037138062097444,65.7,70.0,77.0,86.75,90.15,529.6666666666666,137.59644385668977,215.8,269.5,555.5,714.0,750.6,79.55376344086021,24.821509312412708,14.65,33.25,94.0,100.0,100.0
abidjan,8,16,186,25.8274193548387,0.6804890765334184,23.985,24.525,26.0,26.7,27.0,79.03763440860214,4.804084596734272,67.85,71.0,79.0,87.0,91.0,416.21505376344084,106.88943634120814,177.9,230.25,424.5,569.75,609.6,78.83870967741936,23.97704561897979,15.100000000000001,31.75,90.5,100.0,100.0
abidjan,8,17,186,25.14516129032258,0.5306753921512607,23.5,24.125,25.2,25.9,26.015,81.66129032258064,4.321527315089846,69.85,74.0,82.0,89.0,91.0,264.81182795698925,71.52728684442911,102.7,124.25,274.5,363.5,383.95000000000005,73.77956989247312,28.365885383298842,14.0,19.0,86.0,100.0,100.0
abidjan,8,18,186,24.295698924731198,0.43140530016400674,23.355,23.6,24.3,25.0,25.115000000000002,85.78494623655914,3.4806669190559676,76.7,78.0,86.0,91.0,92.15,109.48387096774194,30.226426130598234,38.8,54.75,114.5,151.75,165.45000000000002,68.18279569892474,32.99036882477701,2.5500000000000003,8.0,79.0,100.0,100.0
abidjan,8,19,186,23.53817204301075,0.5110550887473249,22.285,22.6,23.5,24.4,24.6,90.74731182795699,3.141059727956673,81.7,84.0,91.0,95.0,96.0,7.747311827956989,2.76996531160491,2.0,3.0,8.0,12.0,13.0,61.903225806451616,36.08310733231634,0.0,3.25,68.5,100.0,100.0
abidjan,8,20,186,23.23387096774193,0.5762159322293834,21.884999999999998,22.3,23.2,24.1,24.415,92.89247311827957,3.2410749762949855,82.85,86.25,94.0,97.0,98.0,0.0,0.0,0.0,0.0,0.0,0.0,0.0,63.67741935483871,35.37925438236508,0.8500000000000001,4.25,75.5,100.0,100.0
abidjan,8,21,186,23.091397849462375,0.6236651834683762,21.585,22.0,23.1,24.0,24.4,93.84408602150538,3.304020436735179,82.85,88.0,94.5,97.0,98.15,0.0,0.0,0.0,0.0,0.0,0.0,0.0,66.24193548387096,34.41321583651974,0.0,6.5,82.5,100.0,100.0
abidjan,8,22,186,23.02258064516128,0.6420948632319297,21.4,21.85,23.0,23.975,24.115000000000002,94.24731182795699,3.2167435412681207,85.0,88.25,95.0,98.0,98.15,0.0,0.0,0.0,0.0,0.0,0.0,0.0,67.19354838709677,34.15548195566857,0.0,8.75,83.0,100.0,100.0
abidjan,8,23,186,22.95645161290323,0.6451525537042863,21.285,21.9,23.0,23.9,24.1,94.56989247311827,3.146590062384362,85.55,88.0,96.0,98.0,98.0,0.0,0.0,0.0,0.0,0.0,0.0,0.0,69.5,33.12508876027873,0.8500000000000001,11.0,87.0,100.0,100.0
abidjan,9,0,180,23.351666666666663,0.5427783464116207,22.079,22.4,23.5,24.009999999999998,24.442,95.90555555555555,1.8758619417993858,90.0,92.0,96.0,98.0,99.0,0.0,0.0,0.0,0.0,0.0,0.0,0.0,76.90555555555555,27.43005189411025,11.370000000000001,27.950000000000003,93.5,100.0,100.0
abidjan,9,1,180,23.389444444444443,0.5615946761205218,22.179,22.4,23.5,24.2,24.563000000000002,95.59444444444445,2.067465496748836,90.79,92.0,96.0,98.0,99.0,0.0,0.0,0.0,0.0,0.0,0.0,0.0,75.39444444444445,29.376955674326723,7.95,17.950000000000003,91.0,100.0,100.0
abidjan,9,2,180,23.28111111111111,0.5604352365090792,22.0,22.3,23.4,24.005,24.442,95.7611111111111,2.0853027728176508,90.79,92.0,96.0,98.0,99.0,0.0,0.0,0.0,0.0,0.0,0.0,0.0,76.83888888888889,27.910803143205413,9.95,22.950000000000003,93.0,100.0,100.0
abidjan,9,3,180,23.18222222222222,0.5635360143825529,21.878999999999998,22.1,23.2,24.0,24.321,95.95,2.063640257193854,91.0,92.0,96.0,99.0,99.0,0.0,0.0,0.0,0.0,0.0,0.0,0.0,77.46666666666667,28.38689055806491,11.95,21.950000000000003,95.0,100.0,100.0
abidjan,9,4,180,23.103888888888907,0.5576103666429222,21.758,22.1,23.1,23.9,24.1,95.97222222222223,2.0613656626279866,91.0,92.0,96.0,99.0,99.0,0.0,0.0,0.0,0.0,0.0,0.0,0.0,78.53888888888889,28.117484455384073,15.95,23.750000000000007,95.0,100.0,100.0
abidjan,9,5,180,23.042777777777783,0.5596656298933772,21.758,22.0,23.05,23.9,24.163000000000004,96.11666666666666,2.0118399538730696,91.79,92.95,96.0,99.0,99.0,0.0,0.0,0.0,0.0,0.0,0.0,0.0,78.0,28.713721071602297,15.58,19.950000000000003,95.5,100.0,100.0
abidjan,9,6,180,22.967222222222226,0.5589504604917599,21.679,21.9,23.0,23.8,24.042,96.2388888888889,2.0799676516952754,89.79,92.0,96.5,99.0,99.0,0.0,0.0,0.0,0.0,0.0,0.0,0.0,79.12222222222222,27.76201552792664,15.58,20.0,95.0,100.0,100.0
abidjan,9,7,180,23.63,0.4791079674190824,22.5,22.895,23.6,24.4,24.642000000000003,93.53888888888889,2.006555614005943,88.0,90.0,94.0,96.0,97.0,32.022222222222226,10.96304679647626,8.79,13.950000000000001,32.0,49.0,52.0,78.43333333333334,26.54955534258319,18.58,27.950000000000003,94.0,100.0,100.0
abidjan,9,8,180,24.712222222222206,0.6448648054313015,23.137,23.595000000000002,24.8,25.6,26.021,88.15,3.2701936741830244,81.0,83.95,88.0,94.0,97.0,169.1,56.0116158587762,30.48,62.95,180.0,242.0,253.21,82.93888888888888,21.88458714074789,25.0,40.85,95.0,100.0,100.0
abidjan,9,9,180,25.717222222222205,0.8327885256144334,23.916,24.295,25.9,26.904999999999998,27.421,83.54444444444445,4.134303948163764,75.0,77.0,84.0,90.0,94.21000000000001,327.68333333333334,90.07481304140713,86.8,160.25000000000003,348.0,439.0,455.0,88.35,18.6349358285274,29.0,43.900000000000006,99.0,100.0,100.0
abidjan,9,10,180,26.414444444444428,0.9730320436782598,24.2,24.884999999999998,26.5,28.005,28.426000000000005,80.89444444444445,4.4553304182521005,72.58,74.0,81.0,88.0,93.0,457.02222222222224,119.86705392760747,163.0,234.8,475.0,618.3499999999999,660.6700000000002,87.21111111111111,18.724015740008827,32.79,45.900000000000006,97.5,100.0,100.0
abidjan,9,11,180,26.75222222222222,1.08814089955481,24.3,24.6,26.8,28.5,29.0,79.75,4.86241252420602,68.79,73.0,79.0,89.0,92.21000000000001,562.5055555555556,148.4387077858596,133.47,305.55000000000007,584.0,762.3999999999999,798.21,86.52222222222223,19.281959200695454,27.0,43.85,97.0,100.0,100.0
abidjan,9,12,180,26.90333333333332,1.0213770660784933,24.0,25.195,27.0,28.5,29.5,78.89444444444445,4.597701384897819,69.16,72.95,78.0,87.04999999999998,91.21000000000001,642.5055555555556,152.49417100780616,244.57,390.95,654.5,853.15,908.6800000000001,84.10555555555555,19.6586133856616,29.58,43.0,92.0,100.0,100.0
abidjan,9,13,180,26.933333333333323,1.0333870953756337,23.958,24.995,27.05,28.5,29.021,78.99444444444444,4.758030897828573,70.79,72.0,78.0,88.0,91.0,650.9111111111112,160.80617348876493,255.23,332.0,667.0,868.3499999999999,917.1000000000001,81.79444444444445,21.565841617969795,29.58,36.95,93.0,100.0,100.0
abidjan,9,14,180,26.78166666666667,0.9387033018419022,24.258,25.095000000000002,26.9,28.2,29.0,79.25,4.41572316966441,71.0,74.0,79.0,87.0,92.0,610.3555555555556,154.9842867383738,156.38,309.40000000000003,635.0,829.1999999999999,859.6800000000001,78.45555555555555,24.266648860392323,21.95,30.0,90.0,100.0,100.0
abidjan,9,15,180,26.492222222222193,0.8103123921300391,24.479,24.9,26.7,27.505,28.126000000000005,80.02777777777777,4.134449520735036,72.0,75.0,79.0,87.0,92.21000000000001,531.9555555555555,138.76081828584765,171.01,258.20000000000005,559.0,713.3999999999999,756.84,77.85,23.4742116185211,22.79,33.95,88.0,100.0,100.0
abidjan,9,16,180,25.961111111111094,0.6718456245372719,24.179,24.895,26.0,26.9,27.663000000000004,81.77222222222223,3.53369582347427,75.0,77.0,81.0,88.0,92.42000000000002,393.0,96.55671908262003,135.69,216.9,400.0,534.2499999999999,575.3100000000001,77.88888888888889,23.305194673407737,24.0,34.0,87.5,100.0,100.0
abidjan,9,17,180,25.311111111111117,0.5161706101333475,24.1,24.4,25.4,26.1,26.7,84.27777777777777,2.9459115841668413,78.79,80.0,84.0,89.0,92.42000000000002,239.73888888888888,55.23247473572137,86.16,139.70000000000002,246.5,321.04999999999995,345.0,77.1,24.49492010828188,24.58,31.0,88.0,100.0,100.0
abidjan,9,18,180,24.49277777777778,0.45473197912562335,23.6,23.795,24.5,25.1,25.642000000000003,88.15555555555555,2.641174448826846,82.0,84.0,88.0,93.0,95.0,82.83333333333333,21.16404183200049,36.95,47.95,84.5,117.04999999999998,129.89000000000007,74.44444444444444,25.999620130178457,14.79,26.900000000000002,84.0,100.0,100.0
abidjan,9,19,180,23.87777777777776,0.5119196503310472,22.679,23.0,24.0,24.6,25.142000000000003,92.28888888888889,2.3487322558939225,86.79,89.0,92.0,96.0,97.0,1.8388888888888888,1.3546786781328077,0.0,0.0,2.0,4.0,5.0,68.65555555555555,30.78064366921782,8.9,18.0,80.5,100.0,100.0
abidjan,9,20,180,23.660000000000007,0.5616048432839583,22.279,22.695,23.7,24.5,25.0,94.02777777777777,2.2221874997287254,89.0,90.95,94.0,97.0,98.0,0.0,0.0,0.0,0.0,0.0,0.0,0.0,70.26666666666667,30.762278488073317,7.79,18.900000000000002,84.0,100.0,100.0
abidjan,9,21,180,23.55111111111111,0.5739230386741653,22.179,22.5,23.6,24.404999999999998,24.921,94.75555555555556,2.1203307452224998,90.0,91.0,95.0,98.0,98.0,0.0,0.0,0.0,0.0,0.0,0.0,0.0,71.78333333333333,31.140590695889003,5.16,15.950000000000001,88.0,100.0,100.0
abidjan,9,22,180,23.45833333333333,0.5902800653550446,22.079,22.4,23.5,24.4,24.821,95.30555555555556,1.9610009411925398,91.0,92.0,96.0,98.0,98.21000000000001,0.0,0.0,0.0,0.0,0.0,0.0,0.0,73.52777777777777,30.094744937272775,6.37,20.950000000000003,89.5,100.0,100.0
abidjan,9,23,180,23.363888888888898,0.5971007628429682,21.9,22.395,23.5,24.4,24.8,95.68333333333334,1.959237379980054,90.0,92.0,96.0,98.0,99.0,0.0,0.0,0.0,0.0,0.0,0.0,0.0,73.4888888888889,29.655145494854462,5.79,18.950000000000003,89.0,100.0,100.0
abidjan,10,0,186,24.04731182795699,0.47791919005799594,23.0,23.3,24.1,24.8,25.015,94.8225806451613,1.6738744594090527,90.0,91.25,95.0,97.0,98.0,0.0,0.0,0.0,0.0,0.0,0.0,0.0,67.8010752688172,31.016786972744526,9.85,18.0,80.0,100.0,100.0
abidjan,10,1,186,24.054301075268814,0.5361228751980948,23.0,23.1,24.1,24.9,25.215,94.78494623655914,2.10656660150394,88.85,91.0,95.0,98.0,98.15,0.0,0.0,0.0,0.0,0.0,0.0,0.0,68.26881720430107,32.43675062447091,7.85,14.0,83.0,100.0,100.0
abidjan,10,2,186,23.843548387096767,0.5325797333638146,22.5,23.0,23.9,24.75,25.015,95.36559139784946,1.9663018409741857,89.85,92.0,96.0,98.0,99.0,0.0,0.0,0.0,0.0,0.0,0.0,0.0,70.32795698924731,31.59496647535485,9.0,17.0,87.5,100.0,100.0
abidjan,10,3,186,23.64892473118281,0.5160060897481599,22.355,22.825,23.6,24.5,24.630000000000003,95.93548387096774,1.7277398475819956,91.0,93.0,96.0,98.75,99.0,0.0,0.0,0.0,0.0,0.0,0.0,0.0,71.93010752688173,30.755372937172563,10.25,15.0,86.0,100.0,100.0
abidjan,10,4,186,23.49999999999999,0.513997615157013,22.4,22.6,23.5,24.4,24.515,96.18817204301075,1.7786275645598077,91.85,93.0,96.0,99.0,99.0,0.0,0.0,0.0,0.0,0.0,0.0,0.0,71.91397849462365,30.30690893728475,7.0,19.0,86.5,100.0,100.0
abidjan,10,5,186,23.355913978494616,0.5122084516841214,22.169999999999998,22.5,23.4,24.1,24.415,96.58602150537635,1.7119498659784218,92.0,93.25,97.0,99.0,99.15,0.0,0.0,0.0,0.0,0.0,0.0,0.0,71.85483870967742,31.57846352036966,4.85,15.0,88.0,100.0,100.0
abidjan,10,6,186,23.236559139784937,0.5243090581307644,22.0,22.4,23.2,24.0,24.330000000000002,96.80645161290323,1.7552260799522972,90.85,94.0,97.0,99.0,99.0,0.0,0.0,0.0,0.0,0.0,0.0,0.0,72.83870967741936,30.437593592651364,3.0,18.25,86.5,100.0,100.0
abidjan,10,7,186,24.094623655913992,0.5913108440398398,22.6,23.2,24.1,25.075000000000003,25.515,94.16129032258064,1.9635951369743612,89.0,91.0,94.0,97.0,98.0,43.90860215053763,13.016004671784248,9.7,17.0,47.0,60.0,62.150000000000006,72.1236559139785,29.80222946790976,12.85,19.0,84.5,100.0,100.0
abidjan,10,8,186,25.25752688172041,0.7576649980547953,23.2,23.9,25.25,26.5,26.915,88.7741935483871,3.0254441858475625,83.0,84.0,88.5,94.0,96.15,197.61827956989248,52.29938104084193,57.1,97.0,210.0,264.0,274.0,74.5,26.75199721214679,24.7,27.25,87.0,100.0,100.0
abidjan,10,9,186,26.342473118279585,0.9027272369498643,23.97,24.5,26.5,27.6,27.815,84.56989247311827,3.7399265401973305,77.85,79.0,84.0,91.0,94.15,369.247311827957,86.23182755903751,115.1,184.75,388.0,471.75,488.0,80.99462365591398,24.354571077833562,24.0,31.5,94.0,100.0,100.0
abidjan,10,10,186,27.243010752688168,0.9885253326130353,24.44,25.3,27.5,28.5,28.8,81.05913978494624,4.41670184345837,73.0,75.0,80.0,89.75,94.0,524.2043010752689,112.84312634935483,166.85,315.25,548.0,657.0,669.6,86.41935483870968,20.792793716850756,29.85,41.25,98.5,100.0,100.0
abidjan,10,11,186,27.584946236559126,1.1470341593435176,24.755,25.424999999999997,27.9,29.1,29.4,79.27956989247312,4.933679713351105,70.85,72.0,78.0,88.0,93.15,604.4731182795699,144.49471407512692,202.75,321.5,631.5,789.5,812.2,86.77956989247312,19.63127337792082,26.85,38.75,95.0,100.0,100.0
abidjan,10,12,186,27.628494623655907,1.226760263700594,24.6,25.424999999999997,27.8,29.375,30.0,78.83870967741936,5.372751487843209,68.85,71.0,78.0,88.0,93.0,629.8924731182796,150.0610601432065,198.3,351.5,634.0,852.75,898.8500000000001,85.20430107526882,18.64095337666702,37.0,46.25,93.0,100.0,100.0
abidjan,10,13,186,27.448924731182796,1.081130394456874,24.785,25.5,27.5,29.175,29.8,79.65053763440861,4.827277414633528,68.85,72.25,80.0,88.0,91.15,628.6075268817204,151.77466938170775,217.7,346.25,647.0,830.25,902.3,83.55376344086021,20.319221574814463,26.85,38.0,92.0,100.0,100.0
abidjan,10,14,186,27.243548387096777,0.927295924465139,25.185,25.5,27.4,28.475,28.890000000000004,80.36021505376344,4.3260063726892,71.0,74.0,80.0,88.0,90.30000000000001,587.1881720430108,137.8711884016462,217.85,313.25,617.5,782.25,815.75,84.1989247311828,19.62054548924188,28.85,43.25,93.5,100.0,100.0
abidjan,10,15,186,26.976881720430097,0.8457057604875182,24.855,25.5,27.0,28.275,28.6,81.25268817204301,3.7410277294689687,75.0,76.0,81.0,87.0,91.15,503.09139784946234,115.70409622391185,194.95,285.5,520.0,659.0,681.45,82.27956989247312,21.325871809076354,28.4,39.0,92.0,100.0,100.0
abidjan,10,16,186,26.419892473118267,0.728514462293854,24.485,25.225,26.5,27.5,27.715,82.68817204301075,3.285610513058336,76.85,78.0,83.0,88.75,91.15,360.6666666666667,86.21806977400706,138.8,193.75,372.5,475.0,499.15,80.80645161290323,20.78707107718855,23.7,40.25,89.0,100.0,100.0
abidjan,10,17,186,25.808064516129022,0.5831777206839998,24.34,24.9,25.8,26.7,26.9,84.98924731182795,2.596501466120913,80.0,81.0,85.0,89.0,92.0,200.09677419354838,45.54427469327082,66.85,125.5,202.5,265.5,288.0,79.19354838709677,22.912999580468295,27.0,33.25,89.0,100.0,100.0
abidjan,10,18,186,25.017741935483876,0.5049829743372022,23.925,24.2,25.0,25.9,26.1,89.15591397849462,2.3990124476090338,83.85,86.0,89.0,93.0,95.15,51.645161290322584,13.110485962705065,23.1,30.25,51.0,73.75,82.0,76.3010752688172,26.064760103900895,20.55,29.25,89.0,100.0,100.0
abidjan,10,19,186,24.568817204301073,0.4845968271308659,23.4,23.8,24.5,25.4,25.615000000000002,91.96236559139786,2.217642552351222,87.0,88.0,92.0,96.0,97.0,0.0,0.0,0.0,0.0,0.0,0.0,0.0,75.01075268817205,28.49202666193524,16.1,24.0,91.0,100.0,100.0
abidjan,10,20,186,24.36935483870966,0.5051100304950338,23.2,23.525,24.4,25.2,25.5,93.21505376344086,2.1091172406350247,87.85,89.0,93.0,96.0,97.15,0.0,0.0,0.0,0.0,0.0,0.0,0.0,73.9247311827957,29.93927063244873,8.7,20.25,93.0,100.0,100.0
abidjan,10,21,186,24.20053763440858,0.5272669756749558,23.07,23.325,24.1,25.1,25.4,94.02688172043011,2.0011630911029568,89.0,91.0,94.0,97.0,98.0,0.0,0.0,0.0,0.0,0.0,0.0,0.0,72.80645161290323,30.391799284560882,4.7,18.75,89.0,100.0,100.0
abidjan,10,22,186,24.092473118279564,0.5451125086868175,22.9,23.2,24.1,25.075000000000003,25.4,94.49462365591398,1.9516943612847044,89.0,91.0,95.0,97.0,98.0,0.0,0.0,0.0,0.0,0.0,0.0,0.0,74.61827956989248,29.709516401012923,8.0,17.0,89.5,100.0,100.0
abidjan,10,23,186,23.96182795698925,0.5485022544068299,22.77,23.0,24.0,24.975,25.1,94.94086021505376,1.9237472705907444,90.0,91.0,95.0,98.0,98.0,0.0,0.0,0.0,0.0,0.0,0.0,0.0,70.79032258064517,31.153869137902152,4.85,17.0,85.5,100.0,100.0
abidjan,11,0,180,24.671666666666663,0.6911564383135137,23.1,23.5,24.7,25.805,26.221,93.99444444444444,2.6863796832296707,87.0,88.0,94.0,98.0,98.21000000000001,0.0,0.0,0.0,0.0,0.0,0.0,0.0,51.43333333333333,35.96017859305546,1.79,6.950000000000001,39.5,100.0,100.0
abidjan,11,1,180,24.637777777777785,0.7397563829889128,22.979,23.495,24.6,25.9,26.2,94.17222222222222,2.770540572113749,87.0,88.0,95.0,98.0,99.0,0.0,0.0,0.0,0.0,0.0,0.0,0.0,55.46666666666667,37.52619825609246,1.79,5.950000000000001,55.0,100.0,100.0
abidjan,11,2,180,24.406111111111098,0.7361433955184494,22.6,23.1,24.5,25.61,26.021,94.92777777777778,2.514470466797147,88.0,90.0,95.0,99.0,99.21000000000001,0.0,0.0,0.0,0.0,0.0,0.0,0.0,56.32222222222222,36.131958085076555,0.79,5.0,61.5,100.0,100.0
abidjan,11,3,180,24.169444444444444,0.724576291683033,22.479,23.0,24.1,25.209999999999997,25.921,95.48333333333333,2.470886030916394,88.0,91.0,96.0,99.0,100.0,0.0,0.0,0.0,0.0,0.0,0.0,0.0,55.94444444444444,35.35340974003659,1.79,7.950000000000001,56.0,100.0,100.0
abidjan,11,4,180,23.95166666666668,0.7365441074519722,22.316,22.790000000000003,24.0,25.105,25.6,96.0111111111111,2.2754459609025335,89.0,91.95,96.0,99.0,100.0,0.0,0.0,0.0,0.0,0.0,0.0,0.0,56.2,34.99037963021646,2.0,6.950000000000001,49.0,100.0,100.0
abidjan,11,5,180,23.80222222222223,0.7288465434854012,22.179,22.595000000000002,23.8,25.1,25.242,96.37222222222222,2.2925738944968375,90.79,91.0,97.0,100.0,100.0,0.0,0.0,0.0,0.0,0.0,0.0,0.0,59.27777777777778,33.33950868723432,1.79,9.0,54.0,100.0,100.0
abidjan,11,6,180,23.641111111111115,0.717618661414178,22.058,22.495,23.6,24.904999999999998,25.242,96.68333333333334,2.176835113441326,90.0,92.0,97.0,100.0,100.0,0.0,0.0,0.0,0.0,0.0,0.0,0.0,61.7,32.75717054664861,3.79,11.0,59.0,100.0,100.0
abidjan,11,7,180,24.508333333333333,0.7500277772633932,22.9,23.195,24.5,25.6,25.9,94.56111111111112,2.4634300587434965,88.79,90.0,95.0,98.0,99.0,39.577777777777776,9.074968965698728,17.58,23.950000000000003,40.0,54.0,56.21000000000001,60.95,32.947816484724925,4.0,8.950000000000001,63.0,100.0,100.0
abidjan,11,8,180,25.864444444444437,0.8084018680377435,23.5,24.495,26.0,27.0,27.2,88.65,3.2463227059414623,80.79,83.0,89.0,94.0,96.0,195.4611111111111,39.94237013621958,71.95,113.75,202.5,248.0,256.42,59.7,33.01159728876438,2.58,7.900000000000002,62.0,100.0,100.0
abidjan,11,9,180,27.068888888888893,0.8715432601546454,24.395,25.495,27.2,28.105,28.6,83.11111111111111,3.756311560987702,75.79,78.0,83.0,89.04999999999998,92.21000000000001,382.19444444444446,71.80042534864897,129.9,218.8,399.0,461.04999999999995,476.21000000000004,67.53333333333333,30.394151484199146,13.58,20.0,73.5,100.0,100.0
abidjan,11,10,180,27.991666666666678,0.8713893759074897,25.157999999999998,26.39,28.2,29.0,29.521,79.57222222222222,4.422204773834927,69.79,73.0,79.0,87.0,90.21000000000001,534.9777777777778,90.35122550700282,230.32,338.9,557.5,647.05,657.84,76.18333333333334,29.002772855941437,14.58,20.950000000000003,94.0,100.0,100.0
abidjan,11,11,180,28.57444444444445,0.9150059029695577,25.979,26.8,28.85,29.6,30.021,76.93333333333334,4.8196357630934,64.79,70.0,77.0,84.0,89.42000000000002,637.5055555555556,110.71893831892149,277.83,449.9,667.5,765.0,787.7800000000002,77.62777777777778,27.64738897769463,14.58,26.0,93.5,100.0,100.0
abidjan,11,12,180,28.79555555555555,1.0289056874078626,26.0,26.990000000000002,29.0,30.1,30.521,75.71111111111111,4.889318162971748,63.0,68.95,75.0,84.0,85.42000000000002,673.0166666666667,127.96933117830312,336.02,401.8,695.5,830.0999999999999,857.5200000000001,77.13333333333334,26.58683884932544,22.79,28.0,89.5,100.0,100.0
abidjan,11,13,180,28.58499999999999,1.1247950430584628,25.737000000000002,26.595000000000002,28.8,30.2,30.5,76.25,5.187458165828638,63.58,67.95,76.0,84.0,85.21000000000001,654.65,121.25530801668936,357.53,413.5,677.5,825.05,856.1000000000001,78.46666666666667,25.289303843500498,21.740000000000002,26.950000000000003,92.0,100.0,100.0
abidjan,11,14,180,28.176666666666673,1.034950347708634,25.479,26.39,28.2,29.8,30.121000000000002,77.9,4.887739763939976,65.16,69.0,78.0,85.0,88.0,581.8111111111111,115.7406482370001,249.53,354.75,599.5,740.05,771.84,75.80555555555556,24.357088227322663,22.16,28.950000000000003,83.5,100.0,100.0
abidjan,11,15,180,27.85777777777777,0.9025861335047543,25.2,26.195,27.95,29.305,29.8,78.96666666666667,4.396842301268288,64.0,72.95,79.0,85.0,88.0,488.7944444444444,86.35055794854304,257.3,321.65000000000003,502.0,606.05,634.4100000000002,72.78333333333333,25.991937852598312,17.37,25.0,81.0,100.0,100.0
abidjan,11,16,180,27.31666666666668,0.854107721543366,24.974,25.8,27.4,28.505,28.821,80.89444444444445,3.965822350229549,71.0,74.95,81.0,87.0,90.42000000000002,350.5833333333333,60.359651258104556,166.38,237.9,366.5,431.0,439.47,73.27777777777777,25.997233945931757,17.16,26.0,79.0,100.0,100.0
abidjan,11,17,180,26.68944444444444,0.7544311486310007,24.79,25.5,26.8,27.9,28.142000000000003,83.29444444444445,3.268872082440368,74.79,78.0,83.0,88.0,91.0,188.78333333333333,33.24275610314724,108.16,123.0,196.0,232.0,245.63000000000002,72.37777777777778,28.103806692640113,11.79,20.950000000000003,85.0,100.0,100.0
abidjan,11,18,180,25.757222222222214,0.7328809631671704,23.916,24.595000000000002,25.8,26.904999999999998,27.263,88.55,3.4565155865408745,78.79,82.0,89.0,94.0,95.21000000000001,41.577777777777776,7.066317252018397,20.58,27.950000000000003,44.0,50.0,51.21000000000001,68.4888888888889,31.358941466135985,4.0,13.950000000000001,80.5,100.0,100.0
abidjan,11,19,180,25.2988888888889,0.7359792334697804,23.5,23.995,25.2,26.5,27.021,91.35,3.2170984166205128,82.58,85.0,92.0,96.0,97.0,0.0,0.0,0.0,0.0,0.0,0.0,0.0,61.766666666666666,34.025986800940515,3.58,9.0,66.5,100.0,100.0
abidjan,11,20,180,25.033333333333335,0.7768883803710511,23.1,23.695,25.0,26.4,26.842000000000002,92.61666666666666,3.1363017853658293,83.0,86.0,93.0,96.0,98.0,0.0,0.0,0.0,0.0,0.0,0.0,0.0,58.955555555555556,35.87940019042532,3.0,6.950000000000001,61.5,100.0,100.0
abidjan,11,21,180,24.892222222222212,0.7852427477153203,22.979,23.695,24.8,26.205,26.9,93.15,3.0848644846879223,84.0,87.0,94.0,97.0,98.0,0.0,0.0,0.0,0.0,0.0,0.0,0.0,53.388888888888886,36.47257552507226,2.79,6.0,46.5,100.0,100.0
abidjan,11,22,180,24.742777777777782,0.7859905679074695,22.8,23.4,24.6,26.1,26.7,93.58333333333333,3.0402393911591172,86.0,87.0,94.0,98.0,98.21000000000001,0.0,0.0,0.0,0.0,0.0,0.0,0.0,52.772222222222226,36.566200324518775,1.79,5.950000000000001,47.5,100.0,100.0
abidjan,11,23,180,24.621111111111116,0.771073486113778,22.937,23.395,24.6,26.0,26.342000000000002,93.95,2.8543825952384183,86.79,88.0,94.0,98.0,99.0,0.0,0.0,0.0,0.0,0.0,0.0,0.0,51.577777777777776,36.26476029847946,1.58,6.0,40.5,100.0,100.0
abidjan,12,0,186,25.0720430107527,0.7878602560710323,22.985,23.825,25.0,26.375,26.53,93.08064516129032,3.600918582463417,80.7,87.0,94.0,97.0,99.0,0.0,0.0,0.0,0.0,0.0,0.0,0.0,33.68817204301075,31.5161602154052,0.0,0.0,21.5,99.5,100.0
abidjan,12,1,186,24.934408602150533,0.9193259128946336,22.195,23.424999999999997,25.0,26.1,26.245,93.23655913978494,4.10061062712856,77.4,88.0,94.0,97.0,99.0,0.0,0.0,0.0,0.0,0.0,0.0,0.0,39.59139784946237,35.54256468655055,0.0,1.0,26.0,100.0,100.0
abidjan,12,2,186,24.70268817204301,0.9251813420441162,21.71,23.05,24.8,25.9,26.115000000000002,93.8763440860215,4.481836649474473,78.65,88.25,95.0,98.0,99.0,0.0,0.0,0.0,0.0,0.0,0.0,0.0,41.16129032258065,35.086617956500035,0.0,0.0,30.0,100.0,100.0
abidjan,12,3,186,24.513440860215045,0.9204849056645353,20.685,22.924999999999997,24.6,25.8,26.1,94.38172043010752,4.841519494808926,73.55,88.25,96.0,98.0,99.15,0.0,0.0,0.0,0.0,0.0,0.0,0.0,41.456989247311824,34.55229447230617,0.0,1.0,27.0,100.0,100.0
abidjan,12,4,186,24.277956989247308,0.9909255575045314,20.925,22.650000000000002,24.4,25.7,26.0,95.00537634408602,5.031617572510809,77.4,90.25,96.0,99.0,99.15,0.0,0.0,0.0,0.0,0.0,0.0,0.0,44.435483870967744,34.61832799786869,0.0,1.0,31.5,100.0,100.0
abidjan,12,5,186,24.052150537634404,1.0588697052079816,20.34,22.225,24.1,25.6,25.915,95.39784946236558,5.1444505750637655,81.5,90.0,96.0,99.0,100.0,0.0,0.0,0.0,0.0,0.0,0.0,0.0,48.075268817204304,34.67087543490013,0.0,2.25,40.0,100.0,100.0
abidjan,12,6,186,23.813440860215064,1.0406170570414999,19.925,22.125,23.9,25.375,25.6,96.01075268817205,5.311773540272396,77.5,91.0,97.0,100.0,100.0,0.0,0.0,0.0,0.0,0.0,0.0,0.0,53.63978494623656,33.801354047399094,0.0,5.25,52.0,100.0,100.0
abidjan,12,7,186,24.29731182795699,1.0728533353200764,19.884999999999998,22.6,24.5,25.575000000000003,26.015,95.02150537634408,5.204378831730513,69.45,90.0,96.0,99.0,99.15,19.349462365591396,6.039424662050487,10.0,11.0,18.0,30.0,31.30000000000001,57.935483870967744,34.93967349454847,0.0,7.0,57.0,100.0,100.0
abidjan,12,8,186,25.647849462365592,1.0423405728510897,22.025000000000002,23.75,25.8,27.0,27.415,90.05913978494624,5.270300976064806,67.2,84.0,90.0,96.0,97.15,144.61827956989248,28.444427790147888,77.3,91.25,142.0,190.0,194.15,54.274193548387096,32.83790559253855,0.0,7.0,52.5,100.0,100.0
abidjan,12,9,186,27.11129032258063,0.8558661911877201,24.085,25.6,27.2,28.2,28.6,82.7258064516129,5.491447959666177,56.95,76.25,83.5,89.0,92.15,326.63440860215053,47.599309868096476,209.8,239.5,333.0,393.0,406.45000000000005,56.946236559139784,32.622759253631266,0.0,6.75,54.5,100.0,100.0
abidjan,12,10,186,28.24032258064516,0.8561214761721799,24.755,27.0,28.3,29.275,29.415,77.00537634408602,6.611733876855992,46.4,68.0,78.0,85.0,88.15,489.1720430107527,66.57562982972041,298.5,359.0,496.5,577.75,590.0,60.715053763440864,32.48936119083457,0.0,11.5,63.0,100.0,100.0
abidjan,12,11,186,29.00322580645159,1.0261580515987334,25.7,27.35,29.1,30.3,30.630000000000003,72.87096774193549,8.639401869045876,38.7,59.0,74.0,84.0,88.15,604.516129032258,93.85720255279887,308.85,445.0,619.5,721.75,736.75,61.59139784946237,33.24323411124508,0.0,7.5,68.0,100.0,100.0
abidjan,12,12,186,29.60483870967741,1.2654754836787174,26.015,27.525,29.8,31.475,31.745,69.6989247311828,10.72058109706982,33.85,51.25,72.0,82.0,91.0,666.7043010752689,113.47617666132743,367.55,437.0,693.5,805.5,821.15,66.30645161290323,32.565032722632914,0.0,10.25,78.0,100.0,100.0
abidjan,12,13,186,29.83118279569892,1.505829424904531,26.05,27.2,29.8,32.25,32.8,68.23655913978494,12.072716818773124,29.7,43.5,71.5,81.0,85.15,674.005376344086,115.74910284665106,363.35,493.0,692.5,828.0,847.3,64.08602150537635,32.861604851542054,0.0,3.25,65.0,100.0,100.0
abidjan,12,14,186,29.48709677419357,1.6441310288712159,25.985,27.0,29.5,32.375,33.115,69.1774193548387,13.03245435282818,27.7,40.25,73.0,84.0,86.30000000000001,597.3655913978495,116.64815075307716,296.45,384.0,605.5,768.0,790.15,62.16129032258065,31.445392271511913,0.0,7.25,66.0,100.0,100.0
abidjan,12,15,186,28.94139784946235,1.5329556042907948,25.685,26.525,28.75,32.0,32.53,72.16129032258064,12.255163776762949,28.85,42.75,76.0,84.0,88.15,504.06451612903226,90.86682994308566,247.25,366.0,504.5,643.0,663.45,60.90860215053763,30.152073899014116,0.0,7.25,65.5,100.0,100.0
abidjan,12,16,186,28.36075268817204,1.2365915143027069,25.455,26.5,28.4,30.575000000000003,32.075,75.47849462365592,9.501107456245952,33.85,57.25,77.0,84.0,88.0,367.0860215053763,65.39230757989193,194.15,247.0,371.5,463.75,480.45000000000005,59.053763440860216,31.860031789398132,0.0,5.5,63.5,100.0,100.0
abidjan,12,17,186,27.554301075268814,0.9491409787411591,25.27,26.025,27.5,28.975,30.090000000000003,79.54301075268818,6.548477584698886,53.85,68.25,81.0,86.0,89.0,203.8978494623656,34.28557011274325,115.85,143.25,204.0,258.5,266.45000000000005,56.075268817204304,33.20067254116702,0.0,3.5,59.0,100.0,100.0
abidjan,12,18,186,26.475806451612904,0.7844631375354263,24.654999999999998,25.3,26.5,27.8,28.115000000000002,85.3010752688172,5.395707067454223,62.7,75.0,86.0,91.0,94.0,54.86021505376344,11.74925428688297,28.85,37.0,53.0,72.75,75.30000000000001,47.26881720430107,34.83189731616705,0.0,2.0,39.5,100.0,100.0
abidjan,12,19,186,25.834408602150543,0.8424866705375996,23.925,24.5,25.8,27.2,27.515,89.36559139784946,4.338586426145075,75.1,82.0,90.0,94.75,96.0,0.1881720430107527,0.3908494917994808,0.0,0.0,0.0,1.0,1.0,42.44086021505376,35.168553391447986,0.0,1.0,29.5,99.0,100.0
abidjan,12,20,186,25.591935483870984,0.8663292453963838,23.669999999999998,24.125,25.5,27.0,27.245,90.77956989247312,3.87711951440577,79.25,85.0,91.0,95.0,96.15,0.0,0.0,0.0,0.0,0.0,0.0,0.0,40.075268817204304,34.62152868640626,0.0,0.0,29.0,98.75,100.0
abidjan,12,21,186,25.423655913978475,0.9174412582012929,23.085,24.0,25.5,26.9,27.145000000000003,91.52688172043011,3.9705675167870864,77.0,85.0,92.0,96.0,97.0,0.0,0.0,0.0,0.0,0.0,0.0,0.0,35.33870967741935,33.17011069466543,0.0,0.0,21.5,98.0,100.0
abidjan,12,22,186,25.296236559139782,0.9140109102411049,22.985,23.825,25.25,26.775,27.0,92.04301075268818,4.08357312044145,75.85,86.0,93.0,96.0,98.0,0.0,0.0,0.0,0.0,0.0,0.0,0.0,34.11827956989247,32.49511111694322,0.0,0.0,20.5,98.0,100.0
abidjan,12,23,186,25.16559139784948,0.900835290239596,22.785,23.625,25.2,26.5,26.8,92.56989247311827,3.9003662619919774,78.0,86.0,94.0,97.0,98.15,0.0,0.0,0.0,0.0,0.0,0.0,0.0,32.13978494623656,30.81896197405183,0.0,0.0,23.0,98.0,100.0
